-- MySQL dump 10.13  Distrib 8.0.28, for Win64 (x86_64)
--
-- Host: 127.0.0.1    Database: day_10_14_db
-- ------------------------------------------------------
-- Server version	8.0.28

/*!40101 SET @OLD_CHARACTER_SET_CLIENT=@@CHARACTER_SET_CLIENT */;
/*!40101 SET @OLD_CHARACTER_SET_RESULTS=@@CHARACTER_SET_RESULTS */;
/*!40101 SET @OLD_COLLATION_CONNECTION=@@COLLATION_CONNECTION */;
/*!50503 SET NAMES utf8mb4 */;
/*!40103 SET @OLD_TIME_ZONE=@@TIME_ZONE */;
/*!40103 SET TIME_ZONE='+00:00' */;
/*!40014 SET @OLD_UNIQUE_CHECKS=@@UNIQUE_CHECKS, UNIQUE_CHECKS=0 */;
/*!40014 SET @OLD_FOREIGN_KEY_CHECKS=@@FOREIGN_KEY_CHECKS, FOREIGN_KEY_CHECKS=0 */;
/*!40101 SET @OLD_SQL_MODE=@@SQL_MODE, SQL_MODE='NO_AUTO_VALUE_ON_ZERO' */;
/*!40111 SET @OLD_SQL_NOTES=@@SQL_NOTES, SQL_NOTES=0 */;

--
-- Table structure for table `classes`
--

DROP TABLE IF EXISTS `classes`;
/*!40101 SET @saved_cs_client     = @@character_set_client */;
/*!50503 SET character_set_client = utf8mb4 */;
CREATE TABLE `classes` (
  `id` int NOT NULL,
  `name` varchar(50) DEFAULT NULL,
  PRIMARY KEY (`id`)
) ENGINE=InnoDB DEFAULT CHARSET=utf8mb4 COLLATE=utf8mb4_0900_ai_ci;
/*!40101 SET character_set_client = @saved_cs_client */;

--
-- Dumping data for table `classes`
--

LOCK TABLES `classes` WRITE;
/*!40000 ALTER TABLE `classes` DISABLE KEYS */;
INSERT INTO `classes` VALUES (1,'ITマネジメント'),(2,'アジア経済'),(3,'アメリカ経済'),(4,'イノベーション論'),(5,'エコノミック・イングリッシュ'),(6,'オートメーション'),(7,'会計学基礎'),(8,'開発経済学'),(9,'環境経済学'),(10,'監査論');
/*!40000 ALTER TABLE `classes` ENABLE KEYS */;
UNLOCK TABLES;

--
-- Table structure for table `customers`
--

DROP TABLE IF EXISTS `customers`;
/*!40101 SET @saved_cs_client     = @@character_set_client */;
/*!50503 SET character_set_client = utf8mb4 */;
CREATE TABLE `customers` (
  `id` int NOT NULL,
  `first_name` varchar(50) DEFAULT NULL,
  `last_name` varchar(50) DEFAULT NULL,
  `phone_number` char(11) DEFAULT NULL,
  `age` int DEFAULT NULL,
  PRIMARY KEY (`id`)
) ENGINE=InnoDB DEFAULT CHARSET=utf8mb4 COLLATE=utf8mb4_0900_ai_ci;
/*!40101 SET character_set_client = @saved_cs_client */;

--
-- Dumping data for table `customers`
--

LOCK TABLES `customers` WRITE;
/*!40000 ALTER TABLE `customers` DISABLE KEYS */;
INSERT INTO `customers` VALUES (1,'翼','吉田',NULL,55),(2,'修平','林','09075667973',62),(3,'浩','田中','09077329005',30),(4,'直人','井上','09032827280',51),(5,'晃','福田','09054627222',58),(6,'稔','中村','09039161008',34),(7,'直樹','高橋','09048421652',40),(8,'修平','山口','09034175683',38),(9,'智也','山崎','09055998442',44),(10,'裕美子','三浦',NULL,38),(11,'拓真','高橋','09027342758',68),(12,'美加子','伊藤','09069823736',45),(13,'拓真','佐藤','09061362948',69),(14,'晃','中村','09037844759',61),(15,'裕太','林','09071199330',68),(16,'陽子','中村','09043882421',37),(17,'明美','山本',NULL,44),(18,'幹','鈴木','09082145093',59),(19,'聡太郎','伊藤','09062079104',63),(20,'淳','林','09084838325',33);
/*!40000 ALTER TABLE `customers` ENABLE KEYS */;
UNLOCK TABLES;

--
-- Table structure for table `customers_2`
--

DROP TABLE IF EXISTS `customers_2`;
/*!40101 SET @saved_cs_client     = @@character_set_client */;
/*!50503 SET character_set_client = utf8mb4 */;
CREATE TABLE `customers_2` (
  `id` int NOT NULL,
  `first_name` varchar(50) DEFAULT NULL,
  `last_name` varchar(50) DEFAULT NULL,
  `phone_number` char(11) DEFAULT NULL,
  `age` int DEFAULT NULL,
  PRIMARY KEY (`id`)
) ENGINE=InnoDB DEFAULT CHARSET=utf8mb4 COLLATE=utf8mb4_0900_ai_ci;
/*!40101 SET character_set_client = @saved_cs_client */;

--
-- Dumping data for table `customers_2`
--

LOCK TABLES `customers_2` WRITE;
/*!40000 ALTER TABLE `customers_2` DISABLE KEYS */;
INSERT INTO `customers_2` VALUES (1,'翼','吉田',NULL,55),(2,'修平','林','09075667973',62),(3,'浩','田中','09077329005',30),(4,'直人','井上','09032827280',51),(5,'晃','福田','09054627222',58),(6,'稔','中村','09039161008',34),(7,'直樹','高橋','09048421652',40),(8,'修平','山口','09034175683',38),(9,'智也','山崎','09055998442',44),(10,'裕美子','三浦',NULL,38),(11,'拓真','高橋','09027342758',68),(12,'美加子','伊藤','09069823736',45),(13,'康弘','高橋','09042579196',50),(14,'春香','高橋','09028815166',67),(15,'桃子','前田','09056572526',39),(16,'太一','田中','09044762573',52),(17,'亮介','吉田',NULL,40),(18,'香織','田中','09086116244',61),(19,'千代','井上','09095745448',37),(20,'健一','橋本','09033839612',54);
/*!40000 ALTER TABLE `customers_2` ENABLE KEYS */;
UNLOCK TABLES;

--
-- Table structure for table `departments`
--

DROP TABLE IF EXISTS `departments`;
/*!40101 SET @saved_cs_client     = @@character_set_client */;
/*!50503 SET character_set_client = utf8mb4 */;
CREATE TABLE `departments` (
  `id` int NOT NULL,
  `name` varchar(50) DEFAULT NULL,
  PRIMARY KEY (`id`)
) ENGINE=InnoDB DEFAULT CHARSET=utf8mb4 COLLATE=utf8mb4_0900_ai_ci;
/*!40101 SET character_set_client = @saved_cs_client */;

--
-- Dumping data for table `departments`
--

LOCK TABLES `departments` WRITE;
/*!40000 ALTER TABLE `departments` DISABLE KEYS */;
INSERT INTO `departments` VALUES (1,'経営企画部'),(2,'営業部'),(3,'開発部'),(4,'総務部');
/*!40000 ALTER TABLE `departments` ENABLE KEYS */;
UNLOCK TABLES;

--
-- Table structure for table `employees`
--

DROP TABLE IF EXISTS `employees`;
/*!40101 SET @saved_cs_client     = @@character_set_client */;
/*!50503 SET character_set_client = utf8mb4 */;
CREATE TABLE `employees` (
  `id` int NOT NULL,
  `first_name` varchar(50) DEFAULT NULL,
  `last_name` varchar(50) DEFAULT NULL,
  `age` int DEFAULT NULL,
  `manager_id` int DEFAULT NULL,
  `department_id` int DEFAULT NULL,
  PRIMARY KEY (`id`)
) ENGINE=InnoDB DEFAULT CHARSET=utf8mb4 COLLATE=utf8mb4_0900_ai_ci;
/*!40101 SET character_set_client = @saved_cs_client */;

--
-- Dumping data for table `employees`
--

LOCK TABLES `employees` WRITE;
/*!40000 ALTER TABLE `employees` DISABLE KEYS */;
INSERT INTO `employees` VALUES (1,'翼','高橋',55,NULL,1),(2,'花子','井上',50,1,1),(3,'零','藤原',48,NULL,2),(4,'涼平','鈴木',47,NULL,3),(5,'里佳','田中',46,3,2),(6,'明美','青木',43,4,3),(7,'千代','西村',42,NULL,4),(8,'美加子','森',41,7,4),(9,'さゆり','田中',38,5,2),(10,'和也','松本',37,NULL,5),(11,'里佳','三浦',37,10,5),(12,'裕太','山下',35,5,2),(13,'聡太郎','山本',33,6,3),(14,'くみ子','斎藤',33,8,4),(15,'あすか','後藤',31,11,5),(16,'真綾','岡田',29,12,2),(17,'治','伊藤',29,13,3),(18,'和也','近藤',28,14,4),(19,'千代','斎藤',27,15,5),(20,'明美','青木',25,17,3);
/*!40000 ALTER TABLE `employees` ENABLE KEYS */;
UNLOCK TABLES;

--
-- Table structure for table `enrollments`
--

DROP TABLE IF EXISTS `enrollments`;
/*!40101 SET @saved_cs_client     = @@character_set_client */;
/*!50503 SET character_set_client = utf8mb4 */;
CREATE TABLE `enrollments` (
  `id` int NOT NULL,
  `student_id` int DEFAULT NULL,
  `class_id` int DEFAULT NULL,
  `enrolled_year_month` char(6) DEFAULT NULL,
  PRIMARY KEY (`id`)
) ENGINE=InnoDB DEFAULT CHARSET=utf8mb4 COLLATE=utf8mb4_0900_ai_ci;
/*!40101 SET character_set_client = @saved_cs_client */;

--
-- Dumping data for table `enrollments`
--

LOCK TABLES `enrollments` WRITE;
/*!40000 ALTER TABLE `enrollments` DISABLE KEYS */;
INSERT INTO `enrollments` VALUES (1,1,9,'2021'),(2,2,4,'2021'),(3,3,4,'2021'),(4,4,5,'2021'),(5,5,6,'2021'),(6,6,6,'2021'),(7,7,6,'2021'),(8,8,7,'2021'),(9,9,1,'2021'),(10,10,2,'2021'),(11,11,4,'2021'),(12,12,8,'2021'),(13,13,2,'2021'),(14,14,5,'2021'),(15,15,1,'2021'),(16,16,3,'2021'),(17,17,8,'2021'),(18,18,4,'2021'),(19,19,7,'2021'),(20,20,1,'2021'),(21,22,4,'2020'),(22,23,4,'2020'),(23,24,6,'2020'),(24,25,7,'2020'),(25,26,8,'2020'),(26,27,3,'2020'),(27,28,9,'2020'),(28,29,3,'2020'),(29,30,6,'2020'),(30,31,6,'2020'),(31,32,2,'2020'),(32,34,4,'2020'),(33,35,3,'2020'),(34,36,1,'2020'),(35,37,3,'2020'),(36,39,5,'2020'),(37,40,8,'2020'),(38,41,5,'2019'),(39,42,7,'2019'),(40,43,3,'2019'),(41,44,7,'2019'),(42,45,1,'2019'),(43,46,8,'2019'),(44,47,6,'2019'),(45,48,4,'2019'),(46,49,5,'2019'),(47,50,2,'2019'),(48,51,3,'2019'),(49,52,8,'2019'),(50,53,9,'2019'),(51,54,5,'2019'),(52,55,3,'2019'),(53,56,3,'2019'),(54,57,1,'2019'),(55,58,6,'2019'),(56,59,2,'2019'),(57,60,4,'2019'),(58,61,1,'2018'),(59,62,4,'2018'),(60,63,2,'2018'),(61,64,3,'2018'),(62,66,1,'2018'),(63,67,7,'2018'),(64,68,1,'2018'),(65,69,9,'2018'),(66,70,8,'2018'),(67,71,4,'2018'),(68,72,4,'2018'),(69,73,9,'2018'),(70,74,5,'2018'),(71,75,6,'2018'),(72,76,1,'2018'),(73,77,3,'2018'),(74,78,5,'2018'),(75,79,8,'2018'),(76,80,9,'2018');
/*!40000 ALTER TABLE `enrollments` ENABLE KEYS */;
UNLOCK TABLES;

--
-- Table structure for table `items`
--

DROP TABLE IF EXISTS `items`;
/*!40101 SET @saved_cs_client     = @@character_set_client */;
/*!50503 SET character_set_client = utf8mb4 */;
CREATE TABLE `items` (
  `id` int NOT NULL,
  `store_id` int DEFAULT NULL,
  `name` varchar(255) DEFAULT NULL,
  PRIMARY KEY (`id`)
) ENGINE=InnoDB DEFAULT CHARSET=utf8mb4 COLLATE=utf8mb4_0900_ai_ci;
/*!40101 SET character_set_client = @saved_cs_client */;

--
-- Dumping data for table `items`
--

LOCK TABLES `items` WRITE;
/*!40000 ALTER TABLE `items` DISABLE KEYS */;
INSERT INTO `items` VALUES (1,1,'Item 山田 1'),(2,1,'Item 山田 2'),(3,1,'Item 山田 3'),(4,1,'Item 山田 4'),(5,1,'Item 山田 5'),(6,1,'Item 山田 6'),(7,1,'Item 山田 7'),(8,1,'Item 山田 8'),(9,1,'Item 山田 9'),(10,1,'Item 山田 10'),(11,2,'Item 酒井 1'),(12,2,'Item 酒井 2'),(13,2,'Item 酒井 3'),(14,2,'Item 酒井 4'),(15,2,'Item 酒井 5'),(16,2,'Item 酒井 6'),(17,2,'Item 酒井 7'),(18,2,'Item 酒井 8'),(19,2,'Item 酒井 9'),(20,2,'Item 酒井 10'),(21,3,'Item 石井 1'),(22,3,'Item 石井 2'),(23,3,'Item 石井 3'),(24,3,'Item 石井 4'),(25,3,'Item 石井 5'),(26,3,'Item 石井 6'),(27,3,'Item 石井 7'),(28,3,'Item 石井 8'),(29,3,'Item 石井 9'),(30,3,'Item 石井 10'),(31,4,'Item ソニックス 1'),(32,4,'Item ソニックス 2'),(33,4,'Item ソニックス 3'),(34,4,'Item ソニックス 4'),(35,4,'Item ソニックス 5'),(36,4,'Item ソニックス 6'),(37,4,'Item ソニックス 7'),(38,4,'Item ソニックス 8'),(39,4,'Item ソニックス 9'),(40,4,'Item ソニックス 10'),(41,5,'Item 中村 1'),(42,5,'Item 中村 2'),(43,5,'Item 中村 3'),(44,5,'Item 中村 4'),(45,5,'Item 中村 5'),(46,5,'Item 中村 6'),(47,5,'Item 中村 7'),(48,5,'Item 中村 8'),(49,5,'Item 中村 9'),(50,5,'Item 中村 10'),(51,6,'Item 任地堂 1'),(52,6,'Item 任地堂 2'),(53,6,'Item 任地堂 3'),(54,6,'Item 任地堂 4'),(55,6,'Item 任地堂 5'),(56,6,'Item 任地堂 6'),(57,6,'Item 任地堂 7'),(58,6,'Item 任地堂 8'),(59,6,'Item 任地堂 9'),(60,6,'Item 任地堂 10'),(61,7,'Item スクニ― 1'),(62,7,'Item スクニ― 2'),(63,7,'Item スクニ― 3'),(64,7,'Item スクニ― 4'),(65,7,'Item スクニ― 5'),(66,7,'Item スクニ― 6'),(67,7,'Item スクニ― 7'),(68,7,'Item スクニ― 8'),(69,7,'Item スクニ― 9'),(70,7,'Item スクニ― 10'),(71,8,'Item トイランド 1'),(72,8,'Item トイランド 2'),(73,8,'Item トイランド 3'),(74,8,'Item トイランド 4'),(75,8,'Item トイランド 5'),(76,8,'Item トイランド 6'),(77,8,'Item トイランド 7'),(78,8,'Item トイランド 8'),(79,8,'Item トイランド 9'),(80,8,'Item トイランド 10'),(81,9,'Item ドルチ 1'),(82,9,'Item ドルチ 2'),(83,9,'Item ドルチ 3'),(84,9,'Item ドルチ 4'),(85,9,'Item ドルチ 5'),(86,9,'Item ドルチ 6'),(87,9,'Item ドルチ 7'),(88,9,'Item ドルチ 8'),(89,9,'Item ドルチ 9'),(90,9,'Item ドルチ 10'),(91,10,'Item 石川 1'),(92,10,'Item 石川 2'),(93,10,'Item 石川 3'),(94,10,'Item 石川 4'),(95,10,'Item 石川 5'),(96,10,'Item 石川 6'),(97,10,'Item 石川 7'),(98,10,'Item 石川 8'),(99,10,'Item 石川 9'),(100,10,'Item 石川 10');
/*!40000 ALTER TABLE `items` ENABLE KEYS */;
UNLOCK TABLES;

--
-- Table structure for table `orders`
--

DROP TABLE IF EXISTS `orders`;
/*!40101 SET @saved_cs_client     = @@character_set_client */;
/*!50503 SET character_set_client = utf8mb4 */;
CREATE TABLE `orders` (
  `id` int NOT NULL,
  `customer_id` int DEFAULT NULL,
  `item_id` int DEFAULT NULL,
  `order_amount` int DEFAULT NULL,
  `order_price` int DEFAULT NULL,
  `order_date` date DEFAULT NULL,
  PRIMARY KEY (`id`)
) ENGINE=InnoDB DEFAULT CHARSET=utf8mb4 COLLATE=utf8mb4_0900_ai_ci;
/*!40101 SET character_set_client = @saved_cs_client */;

--
-- Dumping data for table `orders`
--

LOCK TABLES `orders` WRITE;
/*!40000 ALTER TABLE `orders` DISABLE KEYS */;
INSERT INTO `orders` VALUES (1,1,21,8,3287,'2020-02-25'),(2,2,64,2,4360,'2020-06-27'),(3,3,98,6,4675,'2020-03-24'),(4,4,81,1,1073,'2020-02-22'),(5,5,38,8,3881,'2020-06-21'),(6,6,89,8,4854,'2020-09-03'),(7,7,51,6,1280,'2020-08-07'),(8,8,31,3,2627,'2020-10-26'),(9,9,53,4,3978,'2020-09-18'),(10,10,73,5,3338,'2020-02-10'),(11,11,37,8,2808,'2020-08-21'),(12,12,62,1,3677,'2020-01-30'),(13,13,61,4,2063,'2020-03-08'),(14,14,63,6,2535,'2020-08-13'),(15,15,71,6,1352,'2020-08-17'),(16,16,69,7,4043,'2020-10-21'),(17,17,57,2,3413,'2020-01-27'),(18,18,58,5,3441,'2020-06-21'),(19,19,90,8,3752,'2020-06-21'),(20,1,5,7,2822,'2020-05-19'),(21,2,49,2,1107,'2020-03-01'),(22,3,84,8,3378,'2020-03-21'),(23,4,8,5,3705,'2020-07-16'),(24,5,73,4,3338,'2020-04-13'),(25,6,67,9,3913,'2020-08-20'),(26,7,31,6,2627,'2020-05-31'),(27,8,97,2,3111,'2020-02-12'),(28,9,18,5,2070,'2020-03-01'),(29,10,92,5,3204,'2020-11-22'),(30,11,43,7,2783,'2020-08-02'),(31,12,69,1,4043,'2020-04-30'),(32,13,100,10,4082,'2020-11-22'),(33,14,41,4,4666,'2020-08-04'),(34,15,51,5,1280,'2020-08-20'),(35,16,45,10,1907,'2020-09-01'),(36,17,33,7,1266,'2020-12-03'),(37,18,34,9,4762,'2020-04-26'),(38,19,34,10,4762,'2020-08-09'),(39,1,81,5,1073,'2020-02-09'),(40,2,35,6,1320,'2020-08-17'),(41,3,14,5,4985,'2020-04-22'),(42,4,26,7,3546,'2020-07-15'),(43,5,53,2,3978,'2020-11-20'),(44,6,15,1,4598,'2020-12-05'),(45,7,47,8,4841,'2020-08-25'),(46,8,96,5,4329,'2020-03-19'),(47,9,55,10,3500,'2020-12-01'),(48,10,55,2,3500,'2020-04-07'),(49,11,76,3,4646,'2020-03-31'),(50,12,69,4,4043,'2020-05-10'),(51,13,79,10,1704,'2020-12-10'),(52,14,73,2,3338,'2020-12-11'),(53,15,92,4,3204,'2020-06-10'),(54,16,89,9,4854,'2020-02-08'),(55,17,56,3,2000,'2020-05-18'),(56,18,61,6,2063,'2020-04-05'),(57,19,63,6,2535,'2020-05-05'),(58,1,60,1,4748,'2020-09-26'),(59,2,57,2,3413,'2020-01-24'),(60,3,99,9,3479,'2020-03-21'),(61,4,98,9,4675,'2020-03-14'),(62,5,75,8,4605,'2020-12-15'),(63,6,23,9,4784,'2020-06-13'),(64,7,19,8,4586,'2020-05-24'),(65,8,45,3,1907,'2020-06-15'),(66,9,78,2,2387,'2020-01-21'),(67,10,95,8,2128,'2020-10-30'),(68,11,76,10,4646,'2020-11-10'),(69,12,84,7,3378,'2020-01-28'),(70,13,22,6,4826,'2020-05-17'),(71,14,30,8,3525,'2020-12-13'),(72,15,76,4,4646,'2020-04-29'),(73,16,60,9,4748,'2020-06-20'),(74,17,72,3,1843,'2020-08-13'),(75,18,59,2,4645,'2020-05-04'),(76,19,10,6,2368,'2020-03-20'),(77,1,99,5,3479,'2020-02-14'),(78,2,3,1,3977,'2020-07-26'),(79,3,53,8,3978,'2020-11-20'),(80,4,28,4,4301,'2020-12-30'),(81,5,45,7,1907,'2020-04-30'),(82,6,90,4,3752,'2020-02-07'),(83,7,44,7,4914,'2020-12-15'),(84,8,68,7,4116,'2020-08-15'),(85,9,79,4,1704,'2020-04-06'),(86,10,74,5,3315,'2020-08-08'),(87,11,63,3,2535,'2020-02-16'),(88,12,92,6,3204,'2020-02-18'),(89,13,74,10,3315,'2020-08-27'),(90,14,90,1,3752,'2020-03-01'),(91,15,93,5,3879,'2020-12-27'),(92,16,43,4,2783,'2020-11-30'),(93,17,26,9,3546,'2020-07-27'),(94,18,79,4,1704,'2020-11-07'),(95,19,8,9,3705,'2020-11-27'),(96,1,30,7,3525,'2020-06-21'),(97,2,37,4,2808,'2020-05-13'),(98,3,30,2,3525,'2020-09-07'),(99,4,15,5,4598,'2020-02-08'),(100,5,4,4,3394,'2020-06-21'),(101,6,80,5,3145,'2020-03-02'),(102,7,55,1,3500,'2020-05-29'),(103,8,92,6,3204,'2020-02-21'),(104,9,61,2,2063,'2020-08-25'),(105,10,51,7,1280,'2020-04-10'),(106,11,62,8,3677,'2020-02-17'),(107,12,21,6,3287,'2020-03-11'),(108,13,74,3,3315,'2020-10-06'),(109,14,24,10,1916,'2020-04-23'),(110,15,22,10,4826,'2020-08-23'),(111,16,18,2,2070,'2020-09-11'),(112,17,86,7,2543,'2020-06-26'),(113,18,63,8,2535,'2020-12-22'),(114,19,93,6,3879,'2020-12-09'),(115,1,26,1,3546,'2020-08-09'),(116,2,7,4,2926,'2020-04-28'),(117,3,73,10,3338,'2020-04-02'),(118,4,95,4,2128,'2020-05-29'),(119,5,10,1,2368,'2020-12-27'),(120,6,42,9,4482,'2020-11-10'),(121,7,90,1,3752,'2020-09-08'),(122,8,36,6,3292,'2020-06-28'),(123,9,78,5,2387,'2020-04-19'),(124,10,4,4,3394,'2020-01-26'),(125,11,79,8,1704,'2020-04-02'),(126,12,9,7,2763,'2020-06-02'),(127,13,97,5,3111,'2020-03-12'),(128,14,25,6,4751,'2020-02-07'),(129,15,97,3,3111,'2020-05-16'),(130,16,18,2,2070,'2020-01-30'),(131,17,23,9,4784,'2020-08-26'),(132,18,91,7,4263,'2020-12-24'),(133,19,47,8,4841,'2020-03-24'),(134,1,63,9,2535,'2020-08-11'),(135,2,67,4,3913,'2020-01-02'),(136,3,51,2,1280,'2020-05-10'),(137,4,15,10,4598,'2020-02-25'),(138,5,84,7,3378,'2020-03-19'),(139,6,13,2,3381,'2020-11-04'),(140,7,66,9,3699,'2020-01-16'),(141,8,87,4,2222,'2020-05-17'),(142,9,1,3,4304,'2020-11-22'),(143,10,74,6,3315,'2020-10-21'),(144,11,14,9,4985,'2020-08-17'),(145,12,49,4,1107,'2020-10-11'),(146,13,88,1,2409,'2020-04-17'),(147,14,32,1,3483,'2020-05-22'),(148,15,65,10,4024,'2020-02-26'),(149,16,77,7,2515,'2020-12-26'),(150,17,92,10,3204,'2020-03-18'),(151,18,13,7,3381,'2020-12-30'),(152,19,39,9,1044,'2020-09-18'),(153,1,48,7,4274,'2020-12-24'),(154,2,92,9,3204,'2020-06-12'),(155,3,65,7,4024,'2020-11-19'),(156,4,29,2,1068,'2020-03-23'),(157,5,59,7,4645,'2020-07-18'),(158,6,73,3,3338,'2020-11-06'),(159,7,70,9,3228,'2020-10-01'),(160,8,100,5,4082,'2020-12-09'),(161,9,18,8,2070,'2020-07-26'),(162,10,88,6,2409,'2020-01-12'),(163,11,68,5,4116,'2020-11-05'),(164,12,48,3,4274,'2020-05-10'),(165,13,49,2,1107,'2020-12-12'),(166,14,64,10,4360,'2020-12-23'),(167,15,90,1,3752,'2020-09-11'),(168,16,25,10,4751,'2020-06-02'),(169,17,34,10,4762,'2020-06-02'),(170,18,44,10,4914,'2020-06-30'),(171,19,90,2,3752,'2020-05-20'),(172,1,20,6,2452,'2020-12-17'),(173,2,74,6,3315,'2020-10-19'),(174,3,68,5,4116,'2020-03-23'),(175,4,52,5,3570,'2020-06-16'),(176,5,96,5,4329,'2020-01-11'),(177,6,45,6,1907,'2020-02-04'),(178,7,42,3,4482,'2020-09-28'),(179,8,86,3,2543,'2020-01-24'),(180,9,52,1,3570,'2020-02-22'),(181,10,70,6,3228,'2020-04-01'),(182,11,50,4,2945,'2020-04-20'),(183,12,43,10,2783,'2020-11-10'),(184,13,95,3,2128,'2020-06-18'),(185,14,15,6,4598,'2020-11-01'),(186,15,69,9,4043,'2020-07-05'),(187,16,60,6,4748,'2020-01-14'),(188,17,28,3,4301,'2020-05-27'),(189,18,24,7,1916,'2020-11-08'),(190,19,17,3,4359,'2020-10-19'),(191,1,99,5,3479,'2020-05-25'),(192,2,65,1,4024,'2020-06-08'),(193,3,53,6,3978,'2020-09-28'),(194,4,26,2,3546,'2020-05-27'),(195,5,43,3,2783,'2020-10-22'),(196,6,45,5,1907,'2020-11-06'),(197,7,30,9,3525,'2020-09-12'),(198,8,10,1,2368,'2020-06-03'),(199,9,98,2,4675,'2020-05-21'),(200,10,75,3,4605,'2020-07-22'),(201,11,45,9,1907,'2020-03-13'),(202,12,88,2,2409,'2020-01-26'),(203,13,75,2,4605,'2020-02-06'),(204,14,31,3,2627,'2020-12-22'),(205,15,90,1,3752,'2020-07-05'),(206,16,90,3,3752,'2020-05-19'),(207,17,31,5,2627,'2020-08-24'),(208,18,50,7,2945,'2020-03-26'),(209,19,66,8,3699,'2020-05-04'),(210,1,22,7,4826,'2020-10-17'),(211,2,5,5,2822,'2020-10-05'),(212,3,91,3,4263,'2020-07-28'),(213,4,68,9,4116,'2020-07-15'),(214,5,21,8,3287,'2020-11-02'),(215,6,35,9,1320,'2020-02-11'),(216,7,63,3,2535,'2020-01-30'),(217,8,88,6,2409,'2020-09-05'),(218,9,16,4,3235,'2020-04-14'),(219,10,15,9,4598,'2020-03-20'),(220,11,10,4,2368,'2020-07-01'),(221,12,95,8,2128,'2020-03-14'),(222,13,77,3,2515,'2020-07-04'),(223,14,95,8,2128,'2020-10-22'),(224,15,2,2,2276,'2020-08-30'),(225,16,79,9,1704,'2020-12-27'),(226,17,82,5,1841,'2020-01-27'),(227,18,59,9,4645,'2020-09-07'),(228,19,3,3,3977,'2020-01-04'),(229,1,43,7,2783,'2020-08-13'),(230,2,80,8,3145,'2020-08-12'),(231,3,77,3,2515,'2020-06-08'),(232,4,21,9,3287,'2020-01-13'),(233,5,68,3,4116,'2020-11-17'),(234,6,6,8,2030,'2020-10-08'),(235,7,52,6,3570,'2020-03-27'),(236,8,70,9,3228,'2020-06-01'),(237,9,25,9,4751,'2020-03-27'),(238,10,22,7,4826,'2020-01-23'),(239,11,34,1,4762,'2020-07-25'),(240,12,47,4,4841,'2020-04-20'),(241,13,93,4,3879,'2020-10-05'),(242,14,99,1,3479,'2020-10-21'),(243,15,82,10,1841,'2020-08-25'),(244,16,49,3,1107,'2020-05-30'),(245,17,70,5,3228,'2020-05-14'),(246,18,31,2,2627,'2020-08-17'),(247,19,60,7,4748,'2020-01-30'),(248,1,16,9,3235,'2020-11-02'),(249,2,99,5,3479,'2020-02-02'),(250,3,54,2,1451,'2020-06-14'),(251,4,19,4,4586,'2020-04-26'),(252,5,32,5,3483,'2020-08-31'),(253,6,67,5,3913,'2020-12-23'),(254,7,91,6,4263,'2020-01-21'),(255,8,54,5,1451,'2020-11-15'),(256,9,55,3,3500,'2020-08-09'),(257,10,97,4,3111,'2020-11-28'),(258,11,11,4,2702,'2020-01-12'),(259,12,31,8,2627,'2020-07-31'),(260,13,62,1,3677,'2020-05-27'),(261,14,38,1,3881,'2020-06-30'),(262,15,14,4,4985,'2020-11-15'),(263,16,47,3,4841,'2020-03-28'),(264,17,54,2,1451,'2020-10-01'),(265,18,37,7,2808,'2020-07-29'),(266,19,82,6,1841,'2020-04-08'),(267,1,8,4,3705,'2020-12-19'),(268,2,69,8,4043,'2020-09-11'),(269,3,32,5,3483,'2020-09-12'),(270,4,90,6,3752,'2020-04-04'),(271,5,64,3,4360,'2020-12-25'),(272,6,86,4,2543,'2020-01-03'),(273,7,6,6,2030,'2020-01-28'),(274,8,4,6,3394,'2020-07-17'),(275,9,11,5,2702,'2020-06-29'),(276,10,77,6,2515,'2020-09-20'),(277,11,78,5,2387,'2020-09-11'),(278,12,6,7,2030,'2020-03-18'),(279,13,2,3,2276,'2020-02-06'),(280,14,52,9,3570,'2020-03-10'),(281,15,99,9,3479,'2020-05-31'),(282,16,24,8,1916,'2020-04-20'),(283,17,5,9,2822,'2020-12-22'),(284,18,51,3,1280,'2020-08-03'),(285,19,24,4,1916,'2020-08-16'),(286,1,81,1,1073,'2020-01-26'),(287,2,14,2,4985,'2020-10-05'),(288,3,52,2,3570,'2020-07-01'),(289,4,25,5,4751,'2020-03-12'),(290,5,28,8,4301,'2020-01-10'),(291,6,28,10,4301,'2020-11-04'),(292,7,5,9,2822,'2020-08-14'),(293,8,66,1,3699,'2020-05-25'),(294,9,77,2,2515,'2020-07-30'),(295,10,8,10,3705,'2020-05-08'),(296,11,44,8,4914,'2020-10-28'),(297,12,40,6,3240,'2020-12-11'),(298,13,67,9,3913,'2020-03-07'),(299,14,28,4,4301,'2020-01-14'),(300,15,72,1,1843,'2020-10-05'),(301,16,48,10,4274,'2020-08-30'),(302,17,45,5,1907,'2020-07-05'),(303,18,17,9,4359,'2020-02-08'),(304,19,27,3,4931,'2020-05-01'),(305,1,32,5,3483,'2020-11-25'),(306,2,64,6,4360,'2020-12-01'),(307,3,57,1,3413,'2020-09-18'),(308,4,63,4,2535,'2020-09-02'),(309,5,95,2,2128,'2020-05-24'),(310,6,63,2,2535,'2020-02-23'),(311,7,47,8,4841,'2020-08-01'),(312,8,62,9,3677,'2020-01-05'),(313,9,13,10,3381,'2020-01-23'),(314,10,95,7,2128,'2020-07-12'),(315,11,64,4,4360,'2020-06-06'),(316,12,70,10,3228,'2020-10-11'),(317,13,74,3,3315,'2020-12-03'),(318,14,36,8,3292,'2020-07-18'),(319,15,84,1,3378,'2020-01-01'),(320,16,4,7,3394,'2020-01-04'),(321,17,42,9,4482,'2020-05-02'),(322,18,15,6,4598,'2020-11-04'),(323,19,32,9,3483,'2020-05-03'),(324,1,72,6,1843,'2020-04-12'),(325,2,21,7,3287,'2020-01-20'),(326,3,41,1,4666,'2020-07-29'),(327,4,51,9,1280,'2020-07-07'),(328,5,32,5,3483,'2020-09-15'),(329,6,37,10,2808,'2020-11-05'),(330,7,22,2,4826,'2020-03-27'),(331,8,46,9,4157,'2020-04-17'),(332,9,86,6,2543,'2020-09-20'),(333,10,64,7,4360,'2020-04-02'),(334,11,1,10,4304,'2020-10-23'),(335,12,99,3,3479,'2020-08-19'),(336,13,43,5,2783,'2020-05-23'),(337,14,80,3,3145,'2020-02-22'),(338,15,100,1,4082,'2020-12-08'),(339,16,53,10,3978,'2020-12-24'),(340,17,28,7,4301,'2020-03-20'),(341,18,23,10,4784,'2020-02-12'),(342,19,92,10,3204,'2020-01-03'),(343,1,56,6,2000,'2020-10-08'),(344,2,24,9,1916,'2020-11-05'),(345,3,6,4,2030,'2020-11-25'),(346,4,98,9,4675,'2020-11-30'),(347,5,97,6,3111,'2020-11-16'),(348,6,38,5,3881,'2020-10-17'),(349,7,98,4,4675,'2020-03-27'),(350,8,42,8,4482,'2020-06-07'),(351,9,85,6,2126,'2020-05-15'),(352,10,18,3,2070,'2020-02-09'),(353,11,28,5,4301,'2020-09-20'),(354,12,89,2,4854,'2020-05-30'),(355,13,98,2,4675,'2020-01-21'),(356,14,76,4,4646,'2020-07-12'),(357,15,52,7,3570,'2020-12-30'),(358,16,19,5,4586,'2020-10-19'),(359,17,6,3,2030,'2020-11-22'),(360,18,84,4,3378,'2020-11-29'),(361,19,22,10,4826,'2020-05-29'),(362,1,22,8,4826,'2020-03-18'),(363,2,74,9,3315,'2020-01-02'),(364,3,64,1,4360,'2020-10-26'),(365,4,19,2,4586,'2020-07-17'),(366,5,11,10,2702,'2020-10-03'),(367,6,14,7,4985,'2020-05-23'),(368,7,78,2,2387,'2020-06-13'),(369,8,1,6,4304,'2020-07-31'),(370,9,92,7,3204,'2020-08-19'),(371,10,16,3,3235,'2020-12-28'),(372,11,50,4,2945,'2020-01-30'),(373,12,35,4,1320,'2020-07-27'),(374,13,81,3,1073,'2020-11-22'),(375,14,30,9,3525,'2020-03-11'),(376,15,93,10,3879,'2020-02-09'),(377,16,5,5,2822,'2020-11-26'),(378,17,48,2,4274,'2020-05-02'),(379,18,21,7,3287,'2020-07-16'),(380,19,62,3,3677,'2020-01-30'),(381,1,5,10,2822,'2020-09-27'),(382,2,84,7,3378,'2020-07-06'),(383,3,59,2,4645,'2020-09-16'),(384,4,59,3,4645,'2020-12-23'),(385,5,93,1,3879,'2020-10-16'),(386,6,76,3,4646,'2020-06-20'),(387,7,5,3,2822,'2020-08-18'),(388,8,30,2,3525,'2020-08-28'),(389,9,63,3,2535,'2020-11-12'),(390,10,13,8,3381,'2020-12-31'),(391,11,25,8,4751,'2020-03-28'),(392,12,44,2,4914,'2020-12-17'),(393,13,44,1,4914,'2020-11-13'),(394,14,97,8,3111,'2020-05-05'),(395,15,8,1,3705,'2020-08-09'),(396,16,22,6,4826,'2020-01-28'),(397,17,53,4,3978,'2020-06-08'),(398,18,74,8,3315,'2020-07-09'),(399,19,33,4,1266,'2020-11-26'),(400,1,75,6,4605,'2020-11-04'),(401,2,31,8,2627,'2020-04-24'),(402,3,21,9,3287,'2020-06-22'),(403,4,28,4,4301,'2020-06-29'),(404,5,95,1,2128,'2020-10-17'),(405,6,100,5,4082,'2020-05-06'),(406,7,80,9,3145,'2020-02-06'),(407,8,76,2,4646,'2020-09-09'),(408,9,51,9,1280,'2020-12-21'),(409,10,35,3,1320,'2020-09-30'),(410,11,88,10,2409,'2020-04-30'),(411,12,4,5,3394,'2020-04-08'),(412,13,87,1,2222,'2020-03-15'),(413,14,79,2,1704,'2020-02-07'),(414,15,25,6,4751,'2020-01-04'),(415,16,63,4,2535,'2020-09-23'),(416,17,3,8,3977,'2020-11-01'),(417,18,83,6,4074,'2020-12-17'),(418,19,32,2,3483,'2020-04-28'),(419,1,66,3,3699,'2020-09-19'),(420,2,24,9,1916,'2020-11-19'),(421,3,9,3,2763,'2020-04-10'),(422,4,44,7,4914,'2020-10-22'),(423,5,60,1,4748,'2020-11-30'),(424,6,8,3,3705,'2020-06-28'),(425,7,61,2,2063,'2020-12-28'),(426,8,61,1,2063,'2020-10-01'),(427,9,31,3,2627,'2020-10-21'),(428,10,22,4,4826,'2020-08-15'),(429,11,77,10,2515,'2020-11-13'),(430,12,36,1,3292,'2020-05-24'),(431,13,22,3,4826,'2020-09-28'),(432,14,31,2,2627,'2020-12-15'),(433,15,74,4,3315,'2020-03-31'),(434,16,46,2,4157,'2020-02-09'),(435,17,76,8,4646,'2020-06-22'),(436,18,6,8,2030,'2020-05-17'),(437,19,13,6,3381,'2020-01-19'),(438,1,11,4,2702,'2020-07-15'),(439,2,71,5,1352,'2020-09-19'),(440,3,82,5,1841,'2020-05-06'),(441,4,37,3,2808,'2020-08-29'),(442,5,15,4,4598,'2020-12-30'),(443,6,76,4,4646,'2020-07-29'),(444,7,39,5,1044,'2020-07-16'),(445,8,48,10,4274,'2020-10-19'),(446,9,52,7,3570,'2020-09-08'),(447,10,2,2,2276,'2020-04-09'),(448,11,1,5,4304,'2020-06-06'),(449,12,16,1,3235,'2020-04-19'),(450,13,67,4,3913,'2020-03-22'),(451,14,77,10,2515,'2020-01-29'),(452,15,2,5,2276,'2020-12-03'),(453,16,42,8,4482,'2020-11-21'),(454,17,91,7,4263,'2020-03-27'),(455,18,52,5,3570,'2020-05-27'),(456,19,86,2,2543,'2020-10-30'),(457,1,23,7,4784,'2020-02-14'),(458,2,94,1,1306,'2020-06-26'),(459,3,15,2,4598,'2020-10-18'),(460,4,45,5,1907,'2020-01-25'),(461,5,75,8,4605,'2020-02-16'),(462,6,91,6,4263,'2020-04-03'),(463,7,23,2,4784,'2020-01-28'),(464,8,15,2,4598,'2020-12-01'),(465,9,89,8,4854,'2020-03-28'),(466,10,31,7,2627,'2020-05-01'),(467,11,89,3,4854,'2020-11-29'),(468,12,39,8,1044,'2020-04-13'),(469,13,62,9,3677,'2020-02-26'),(470,14,57,7,3413,'2020-12-08'),(471,15,64,3,4360,'2020-07-31'),(472,16,94,8,1306,'2020-04-22'),(473,17,11,1,2702,'2020-06-11'),(474,18,84,3,3378,'2020-06-18'),(475,19,70,5,3228,'2020-12-02'),(476,1,2,2,2276,'2020-01-13'),(477,2,25,6,4751,'2020-03-21'),(478,3,64,9,4360,'2020-05-10'),(479,4,8,7,3705,'2020-08-29'),(480,5,13,8,3381,'2020-05-01'),(481,6,84,5,3378,'2020-09-04'),(482,7,43,3,2783,'2020-06-12'),(483,8,55,3,3500,'2020-03-12'),(484,9,77,6,2515,'2020-01-17'),(485,10,8,2,3705,'2020-05-08'),(486,11,55,2,3500,'2020-04-19'),(487,12,9,6,2763,'2020-05-12'),(488,13,66,2,3699,'2020-01-02'),(489,14,79,7,1704,'2020-06-27'),(490,15,83,3,4074,'2020-10-01'),(491,16,68,5,4116,'2020-12-16'),(492,17,33,6,1266,'2020-04-24'),(493,18,25,1,4751,'2020-03-21'),(494,19,71,5,1352,'2020-02-15'),(495,1,78,6,2387,'2020-07-17'),(496,2,71,1,1352,'2020-05-05'),(497,3,11,2,2702,'2020-07-17'),(498,4,67,5,3913,'2020-04-14'),(499,5,6,7,2030,'2020-08-13'),(500,6,55,5,3500,'2020-02-07'),(501,7,41,7,4666,'2020-02-06'),(502,8,44,4,4914,'2020-08-12'),(503,9,53,1,3978,'2020-08-18'),(504,10,65,8,4024,'2020-10-08'),(505,11,86,9,2543,'2020-11-25'),(506,12,97,5,3111,'2020-07-16'),(507,13,31,7,2627,'2020-08-31'),(508,14,58,5,3441,'2020-07-11'),(509,15,15,7,4598,'2020-07-13'),(510,16,96,5,4329,'2020-05-01'),(511,17,66,9,3699,'2020-03-19'),(512,18,72,6,1843,'2020-05-26'),(513,19,69,2,4043,'2020-07-28'),(514,1,5,10,2822,'2020-09-22'),(515,2,61,1,2063,'2020-05-27'),(516,3,1,2,4304,'2020-03-09'),(517,4,86,9,2543,'2020-03-24'),(518,5,92,2,3204,'2020-05-27'),(519,6,78,5,2387,'2020-09-05'),(520,7,73,3,3338,'2020-08-27'),(521,8,10,9,2368,'2020-12-17'),(522,9,81,1,1073,'2020-11-22'),(523,10,54,9,1451,'2020-08-03'),(524,11,25,8,4751,'2020-02-11'),(525,12,60,8,4748,'2020-10-13'),(526,13,90,1,3752,'2020-08-09'),(527,14,4,3,3394,'2020-02-26'),(528,15,95,9,2128,'2020-11-05'),(529,16,11,2,2702,'2020-08-08'),(530,17,41,7,4666,'2020-12-29'),(531,18,89,1,4854,'2020-11-22'),(532,19,51,10,1280,'2020-09-21'),(533,1,27,4,4931,'2020-02-16'),(534,2,62,2,3677,'2020-07-02'),(535,3,85,6,2126,'2020-07-12'),(536,4,50,4,2945,'2020-01-29'),(537,5,75,4,4605,'2020-05-15'),(538,6,40,9,3240,'2020-04-19'),(539,7,66,1,3699,'2020-08-02'),(540,8,90,4,3752,'2020-12-23'),(541,9,23,2,4784,'2020-07-04'),(542,10,94,10,1306,'2020-04-05'),(543,11,41,7,4666,'2020-11-13'),(544,12,94,8,1306,'2020-03-25'),(545,13,36,4,3292,'2020-05-30'),(546,14,94,3,1306,'2020-01-31'),(547,15,39,1,1044,'2020-04-16'),(548,16,16,10,3235,'2020-03-03'),(549,17,47,2,4841,'2020-05-15'),(550,18,11,4,2702,'2020-04-14'),(551,19,34,10,4762,'2020-02-25'),(552,1,8,7,3705,'2020-01-31'),(553,2,71,1,1352,'2020-02-15'),(554,3,18,5,2070,'2020-09-13'),(555,4,46,7,4157,'2020-04-02'),(556,5,25,2,4751,'2020-10-18'),(557,6,55,4,3500,'2020-04-06'),(558,7,7,3,2926,'2020-06-13'),(559,8,70,2,3228,'2020-01-30'),(560,9,40,4,3240,'2020-09-14'),(561,10,65,6,4024,'2020-05-15'),(562,11,62,8,3677,'2020-04-20'),(563,12,30,6,3525,'2020-03-25'),(564,13,3,10,3977,'2020-07-17'),(565,14,78,6,2387,'2020-07-28'),(566,15,82,4,1841,'2020-11-03'),(567,16,94,1,1306,'2020-12-27'),(568,17,7,8,2926,'2020-06-16'),(569,18,19,3,4586,'2020-02-08'),(570,19,17,2,4359,'2020-12-25'),(571,1,79,7,1704,'2020-05-16'),(572,2,10,5,2368,'2020-02-22'),(573,3,98,9,4675,'2020-08-04'),(574,4,22,10,4826,'2020-09-05'),(575,5,69,2,4043,'2020-03-02'),(576,6,50,2,2945,'2020-11-04'),(577,7,51,6,1280,'2020-01-17'),(578,8,70,6,3228,'2020-08-26'),(579,9,8,7,3705,'2020-08-18'),(580,10,9,9,2763,'2020-11-30'),(581,11,21,10,3287,'2020-07-29'),(582,12,75,4,4605,'2020-06-27'),(583,13,31,10,2627,'2020-06-24'),(584,14,73,6,3338,'2020-10-14'),(585,15,43,10,2783,'2020-05-04'),(586,16,63,9,2535,'2020-02-02'),(587,17,18,10,2070,'2020-01-09'),(588,18,3,8,3977,'2020-05-01'),(589,19,4,6,3394,'2020-03-25'),(590,1,10,9,2368,'2020-03-14'),(591,2,41,3,4666,'2020-11-24'),(592,3,43,9,2783,'2020-04-04'),(593,4,51,8,1280,'2020-11-18'),(594,5,81,3,1073,'2020-02-07'),(595,6,43,9,2783,'2020-05-16'),(596,7,92,1,3204,'2020-07-06'),(597,8,89,8,4854,'2020-01-25'),(598,9,63,5,2535,'2020-08-08'),(599,10,43,7,2783,'2020-02-13'),(600,11,26,1,3546,'2020-05-06'),(601,12,47,9,4841,'2020-01-08'),(602,13,50,5,2945,'2020-04-30'),(603,14,63,7,2535,'2020-07-08'),(604,15,45,1,1907,'2020-12-02'),(605,16,27,4,4931,'2020-08-18'),(606,17,33,3,1266,'2020-12-26'),(607,18,31,5,2627,'2020-11-06'),(608,19,98,5,4675,'2020-07-26'),(609,1,19,10,4586,'2020-12-09'),(610,2,75,2,4605,'2020-06-13'),(611,3,41,3,4666,'2020-04-30'),(612,4,47,5,4841,'2020-12-13'),(613,5,20,9,2452,'2020-10-15'),(614,6,53,6,3978,'2020-09-26'),(615,7,63,9,2535,'2020-09-13'),(616,8,18,8,2070,'2020-10-24'),(617,9,21,8,3287,'2020-04-19'),(618,10,83,2,4074,'2020-05-16'),(619,11,12,9,2854,'2020-08-30'),(620,12,88,9,2409,'2020-12-11'),(621,13,15,8,4598,'2020-05-13'),(622,14,98,4,4675,'2020-11-23'),(623,15,7,5,2926,'2020-07-14'),(624,16,86,6,2543,'2020-08-16'),(625,17,33,5,1266,'2020-05-12'),(626,18,45,2,1907,'2020-05-19'),(627,19,40,2,3240,'2020-03-26'),(628,1,27,2,4931,'2020-01-22'),(629,2,85,2,2126,'2020-03-05'),(630,3,24,10,1916,'2020-09-14'),(631,4,37,9,2808,'2020-06-28'),(632,5,48,8,4274,'2020-04-12'),(633,6,79,1,1704,'2020-01-27'),(634,7,35,8,1320,'2020-08-12'),(635,8,30,8,3525,'2020-12-12'),(636,9,7,10,2926,'2020-04-27'),(637,10,86,5,2543,'2020-12-19'),(638,11,54,6,1451,'2020-11-14'),(639,12,5,3,2822,'2020-06-21'),(640,13,72,3,1843,'2020-05-12'),(641,14,19,9,4586,'2020-07-31'),(642,15,1,3,4304,'2020-11-11'),(643,16,51,4,1280,'2020-08-20'),(644,17,10,1,2368,'2020-10-03'),(645,18,28,7,4301,'2020-01-10'),(646,19,5,4,2822,'2020-09-03'),(647,1,80,9,3145,'2020-05-16'),(648,2,59,1,4645,'2020-11-23'),(649,3,54,4,1451,'2020-09-01'),(650,4,75,1,4605,'2020-01-11'),(651,5,93,5,3879,'2020-12-31'),(652,6,94,10,1306,'2020-05-07'),(653,7,43,10,2783,'2020-10-28'),(654,8,72,9,1843,'2020-05-12'),(655,9,83,2,4074,'2020-04-13'),(656,10,76,2,4646,'2020-02-07'),(657,11,63,4,2535,'2020-06-05'),(658,12,78,10,2387,'2020-12-24'),(659,13,14,9,4985,'2020-06-18'),(660,14,78,9,2387,'2020-02-28'),(661,15,6,10,2030,'2020-03-23'),(662,16,8,8,3705,'2020-10-14'),(663,17,53,8,3978,'2020-12-01'),(664,18,37,3,2808,'2020-01-25'),(665,19,82,8,1841,'2020-03-04'),(666,1,81,6,1073,'2020-09-25'),(667,2,99,9,3479,'2020-07-23'),(668,3,47,8,4841,'2020-05-23'),(669,4,57,10,3413,'2020-05-26'),(670,5,27,2,4931,'2020-03-02'),(671,6,49,4,1107,'2020-11-23'),(672,7,35,1,1320,'2020-08-15'),(673,8,60,8,4748,'2020-08-23'),(674,9,70,6,3228,'2020-10-19'),(675,10,91,10,4263,'2020-01-11'),(676,11,97,1,3111,'2020-01-04'),(677,12,52,3,3570,'2020-03-01'),(678,13,23,8,4784,'2020-10-30'),(679,14,6,7,2030,'2020-07-21'),(680,15,19,1,4586,'2020-03-18'),(681,16,18,5,2070,'2020-12-29'),(682,17,100,6,4082,'2020-04-18'),(683,18,93,2,3879,'2020-10-02'),(684,19,22,4,4826,'2020-07-16'),(685,1,31,6,2627,'2020-03-08'),(686,2,49,4,1107,'2020-01-04'),(687,3,70,8,3228,'2020-03-01'),(688,4,79,10,1704,'2020-04-14'),(689,5,69,9,4043,'2020-12-16'),(690,6,61,5,2063,'2020-08-17'),(691,7,91,8,4263,'2020-03-25'),(692,8,35,2,1320,'2020-07-21'),(693,9,26,8,3546,'2020-09-16'),(694,10,26,6,3546,'2020-10-02'),(695,11,94,9,1306,'2020-04-24'),(696,12,70,7,3228,'2020-03-28'),(697,13,14,6,4985,'2020-05-25'),(698,14,54,3,1451,'2020-05-21'),(699,15,85,4,2126,'2020-10-24'),(700,16,40,7,3240,'2020-12-13'),(701,17,4,10,3394,'2020-01-04'),(702,18,24,5,1916,'2020-01-12'),(703,19,85,7,2126,'2020-11-15'),(704,1,27,9,4931,'2020-09-18'),(705,2,3,7,3977,'2020-12-18'),(706,3,95,6,2128,'2020-07-31'),(707,4,17,4,4359,'2020-11-23'),(708,5,18,10,2070,'2020-02-01'),(709,6,58,10,3441,'2020-07-06'),(710,7,45,1,1907,'2020-11-27'),(711,8,98,4,4675,'2020-04-19'),(712,9,4,4,3394,'2020-08-17'),(713,10,21,3,3287,'2020-03-09'),(714,11,36,1,3292,'2020-11-12'),(715,12,2,9,2276,'2020-01-19'),(716,13,62,3,3677,'2020-01-23'),(717,14,85,2,2126,'2020-02-28'),(718,15,6,8,2030,'2020-06-09'),(719,16,21,7,3287,'2020-02-28'),(720,17,61,4,2063,'2020-05-20'),(721,18,1,1,4304,'2020-03-04'),(722,19,75,7,4605,'2020-07-04'),(723,1,16,8,3235,'2020-06-23'),(724,2,60,1,4748,'2020-10-15'),(725,3,67,8,3913,'2020-01-31'),(726,4,24,6,1916,'2020-01-19'),(727,5,1,8,4304,'2020-04-30'),(728,6,69,4,4043,'2020-08-27'),(729,7,97,8,3111,'2020-07-16'),(730,8,1,2,4304,'2020-07-03'),(731,9,48,5,4274,'2020-03-03'),(732,10,58,7,3441,'2020-06-15'),(733,11,52,8,3570,'2020-02-27'),(734,12,6,4,2030,'2020-08-23'),(735,13,96,5,4329,'2020-04-11'),(736,14,10,3,2368,'2020-04-29'),(737,15,13,10,3381,'2020-07-15'),(738,16,22,5,4826,'2020-08-12'),(739,17,15,7,4598,'2020-09-04'),(740,18,32,5,3483,'2020-03-05'),(741,19,79,10,1704,'2020-11-09'),(742,1,2,4,2276,'2020-11-22'),(743,2,84,8,3378,'2020-06-22'),(744,3,82,7,1841,'2020-11-03'),(745,4,30,8,3525,'2020-04-13'),(746,5,24,5,1916,'2020-06-04'),(747,6,32,4,3483,'2020-03-29'),(748,7,80,10,3145,'2020-10-18'),(749,8,7,4,2926,'2020-02-19'),(750,9,54,9,1451,'2020-08-06'),(751,10,80,9,3145,'2020-04-08'),(752,11,85,10,2126,'2020-02-27'),(753,12,94,7,1306,'2020-04-26'),(754,13,83,7,4074,'2020-12-04'),(755,14,49,7,1107,'2020-07-18'),(756,15,87,1,2222,'2020-04-30'),(757,16,33,7,1266,'2020-04-14'),(758,17,65,2,4024,'2020-12-31'),(759,18,35,2,1320,'2020-05-31'),(760,19,13,1,3381,'2020-05-15'),(761,1,71,1,1352,'2020-03-16'),(762,2,60,8,4748,'2020-03-31'),(763,3,10,2,2368,'2020-10-21'),(764,4,63,1,2535,'2020-12-22'),(765,5,33,8,1266,'2020-04-16'),(766,6,45,8,1907,'2020-07-21'),(767,7,44,3,4914,'2020-07-14'),(768,8,20,9,2452,'2020-11-25'),(769,9,99,8,3479,'2020-11-18'),(770,10,17,2,4359,'2020-08-24'),(771,11,12,9,2854,'2020-05-12'),(772,12,42,4,4482,'2020-05-15'),(773,13,20,1,2452,'2020-08-19'),(774,14,92,10,3204,'2020-05-13'),(775,15,64,9,4360,'2020-05-21'),(776,16,42,7,4482,'2020-11-25'),(777,17,28,7,4301,'2020-04-03'),(778,18,91,1,4263,'2020-01-04'),(779,19,76,2,4646,'2020-04-05'),(780,1,59,7,4645,'2020-10-13'),(781,2,92,9,3204,'2020-09-04'),(782,3,92,5,3204,'2020-11-29'),(783,4,33,6,1266,'2020-02-10'),(784,5,99,10,3479,'2020-06-19'),(785,6,71,2,1352,'2020-07-12'),(786,7,68,5,4116,'2020-01-07'),(787,8,23,4,4784,'2020-05-23'),(788,9,13,1,3381,'2020-11-22'),(789,10,84,10,3378,'2020-03-25'),(790,11,80,9,3145,'2020-11-25'),(791,12,36,6,3292,'2020-08-05'),(792,13,24,2,1916,'2020-05-03'),(793,14,66,8,3699,'2020-05-08'),(794,15,97,10,3111,'2020-07-26'),(795,16,46,3,4157,'2020-05-13'),(796,17,15,8,4598,'2020-04-29'),(797,18,55,1,3500,'2020-11-02'),(798,19,72,1,1843,'2020-04-05'),(799,1,61,7,2063,'2020-10-16'),(800,2,19,2,4586,'2020-07-29'),(801,3,61,1,2063,'2020-12-18'),(802,4,22,10,4826,'2020-06-07'),(803,5,92,10,3204,'2020-02-18'),(804,6,36,2,3292,'2020-01-27'),(805,7,33,9,1266,'2020-03-26'),(806,8,97,9,3111,'2020-11-20'),(807,9,31,2,2627,'2020-09-27'),(808,10,27,10,4931,'2020-04-26'),(809,11,46,10,4157,'2020-12-13'),(810,12,94,7,1306,'2020-08-08'),(811,13,13,8,3381,'2020-05-08'),(812,14,90,3,3752,'2020-05-10'),(813,15,61,9,2063,'2020-11-02'),(814,16,65,7,4024,'2020-02-04'),(815,17,76,8,4646,'2020-11-20'),(816,18,44,10,4914,'2020-08-29'),(817,19,20,10,2452,'2020-08-25'),(818,1,8,5,3705,'2020-10-15'),(819,2,70,1,3228,'2020-10-24'),(820,3,54,8,1451,'2020-09-14'),(821,4,9,2,2763,'2020-11-24'),(822,5,89,6,4854,'2020-09-04'),(823,6,71,5,1352,'2020-05-04'),(824,7,4,7,3394,'2020-11-24'),(825,8,43,2,2783,'2020-01-14'),(826,9,41,3,4666,'2020-11-04'),(827,10,37,1,2808,'2020-04-27'),(828,11,25,10,4751,'2020-04-30'),(829,12,75,4,4605,'2020-05-11'),(830,13,94,7,1306,'2020-01-22'),(831,14,17,9,4359,'2020-09-12'),(832,15,93,3,3879,'2020-07-12'),(833,16,85,7,2126,'2020-07-06'),(834,17,27,1,4931,'2020-08-22'),(835,18,31,10,2627,'2020-01-30'),(836,19,98,5,4675,'2020-09-29'),(837,1,32,3,3483,'2020-07-07'),(838,2,37,9,2808,'2020-07-14'),(839,3,39,5,1044,'2020-01-21'),(840,4,72,8,1843,'2020-11-23'),(841,5,29,4,1068,'2020-06-15'),(842,6,73,9,3338,'2020-01-14'),(843,7,100,7,4082,'2020-04-20'),(844,8,46,7,4157,'2020-05-04'),(845,9,10,4,2368,'2020-05-30'),(846,10,90,6,3752,'2020-11-23'),(847,11,54,1,1451,'2020-09-28'),(848,12,80,10,3145,'2020-07-23'),(849,13,15,2,4598,'2020-08-11'),(850,14,9,3,2763,'2020-09-25'),(851,15,4,3,3394,'2020-02-09'),(852,16,90,10,3752,'2020-04-10'),(853,17,87,7,2222,'2020-09-26'),(854,18,33,7,1266,'2020-01-04'),(855,19,47,2,4841,'2020-10-24'),(856,1,51,9,1280,'2020-10-12'),(857,2,86,3,2543,'2020-09-25'),(858,3,30,3,3525,'2020-05-19'),(859,4,33,7,1266,'2020-01-19'),(860,5,36,3,3292,'2020-02-20'),(861,6,91,8,4263,'2020-02-16'),(862,7,36,5,3292,'2020-08-10'),(863,8,69,7,4043,'2020-08-31'),(864,9,5,10,2822,'2020-10-25'),(865,10,59,1,4645,'2020-11-24'),(866,11,25,10,4751,'2020-07-28'),(867,12,1,4,4304,'2020-01-29'),(868,13,2,2,2276,'2020-01-17'),(869,14,35,6,1320,'2020-06-02'),(870,15,67,8,3913,'2020-12-14'),(871,16,43,2,2783,'2020-06-03'),(872,17,3,6,3977,'2020-01-12'),(873,18,37,6,2808,'2020-06-25'),(874,19,27,4,4931,'2020-09-01'),(875,1,6,9,2030,'2020-11-28'),(876,2,46,10,4157,'2020-01-23'),(877,3,25,1,4751,'2020-09-25'),(878,4,93,9,3879,'2020-02-02'),(879,5,53,1,3978,'2020-12-27'),(880,6,87,9,2222,'2020-05-25'),(881,7,99,10,3479,'2020-07-27'),(882,8,30,8,3525,'2020-03-19'),(883,9,77,10,2515,'2020-12-08'),(884,10,82,5,1841,'2020-11-28'),(885,11,20,2,2452,'2020-09-06'),(886,12,38,6,3881,'2020-08-03'),(887,13,89,2,4854,'2020-05-05'),(888,14,66,4,3699,'2020-11-11'),(889,15,84,6,3378,'2020-08-01'),(890,16,42,4,4482,'2020-06-07'),(891,17,35,10,1320,'2020-07-04'),(892,18,27,6,4931,'2020-01-25'),(893,19,23,2,4784,'2020-07-05'),(894,1,63,1,2535,'2020-07-11'),(895,2,74,8,3315,'2020-02-12'),(896,3,18,1,2070,'2020-03-11'),(897,4,85,7,2126,'2020-11-23'),(898,5,63,10,2535,'2020-09-08'),(899,6,13,2,3381,'2020-08-08'),(900,7,94,3,1306,'2020-03-04'),(901,8,97,10,3111,'2020-06-28'),(902,9,93,5,3879,'2020-07-18'),(903,10,21,8,3287,'2020-02-16'),(904,11,14,5,4985,'2020-11-30'),(905,12,74,8,3315,'2020-11-15'),(906,13,66,5,3699,'2020-05-11'),(907,14,75,1,4605,'2020-04-27'),(908,15,57,2,3413,'2020-12-27'),(909,16,24,9,1916,'2020-11-22'),(910,17,28,1,4301,'2020-03-26'),(911,18,63,10,2535,'2020-05-28'),(912,19,53,4,3978,'2020-10-05'),(913,1,57,2,3413,'2020-01-23'),(914,2,18,1,2070,'2020-03-09'),(915,3,16,9,3235,'2020-06-03'),(916,4,77,7,2515,'2020-07-29'),(917,5,59,3,4645,'2020-08-07'),(918,6,79,6,1704,'2020-03-23'),(919,7,42,8,4482,'2020-09-22'),(920,8,40,4,3240,'2020-12-05'),(921,9,41,2,4666,'2020-03-21'),(922,10,8,8,3705,'2020-02-10'),(923,11,33,1,1266,'2020-04-12'),(924,12,58,1,3441,'2020-11-02'),(925,13,77,5,2515,'2020-03-05'),(926,14,57,8,3413,'2020-09-26'),(927,15,66,6,3699,'2020-09-26'),(928,16,83,9,4074,'2020-10-23'),(929,17,29,3,1068,'2020-01-19'),(930,18,2,9,2276,'2020-02-21'),(931,19,53,9,3978,'2020-02-11'),(932,1,56,3,2000,'2020-12-28'),(933,2,90,7,3752,'2020-02-17'),(934,3,64,9,4360,'2020-03-08'),(935,4,73,3,3338,'2020-07-02'),(936,5,58,10,3441,'2020-01-08'),(937,6,97,9,3111,'2020-10-07'),(938,7,87,2,2222,'2020-02-23'),(939,8,37,6,2808,'2020-10-12'),(940,9,48,7,4274,'2020-01-05'),(941,10,3,6,3977,'2020-05-15'),(942,11,91,6,4263,'2020-05-14'),(943,12,58,8,3441,'2020-08-22'),(944,13,55,9,3500,'2020-03-25'),(945,14,55,2,3500,'2020-03-20'),(946,15,95,8,2128,'2020-03-18'),(947,16,95,10,2128,'2020-06-01'),(948,17,30,5,3525,'2020-07-13'),(949,18,30,6,3525,'2020-08-04'),(950,19,41,1,4666,'2020-08-15'),(951,1,71,6,1352,'2020-07-10'),(952,2,32,7,3483,'2020-01-27'),(953,3,43,7,2783,'2020-09-02'),(954,4,76,3,4646,'2020-01-08'),(955,5,15,2,4598,'2020-03-16'),(956,6,17,9,4359,'2020-03-21'),(957,7,3,1,3977,'2020-01-26'),(958,8,32,2,3483,'2020-09-28'),(959,9,71,9,1352,'2020-03-29'),(960,10,33,7,1266,'2020-05-14'),(961,11,53,10,3978,'2020-05-03'),(962,12,25,7,4751,'2020-07-11'),(963,13,12,8,2854,'2020-08-28'),(964,14,3,8,3977,'2020-06-28'),(965,15,47,4,4841,'2020-12-20'),(966,16,63,10,2535,'2020-09-03'),(967,17,2,9,2276,'2020-12-10'),(968,18,38,6,3881,'2020-12-28'),(969,19,60,8,4748,'2020-01-24'),(970,1,88,8,2409,'2020-02-12'),(971,2,73,1,3338,'2020-10-31'),(972,3,26,2,3546,'2020-12-19'),(973,4,51,9,1280,'2020-01-11'),(974,5,82,2,1841,'2020-04-05'),(975,6,79,7,1704,'2020-07-10'),(976,7,84,3,3378,'2020-05-27'),(977,8,63,7,2535,'2020-03-29'),(978,9,62,9,3677,'2020-04-07'),(979,10,79,1,1704,'2020-06-27'),(980,11,73,9,3338,'2020-07-12'),(981,12,39,10,1044,'2020-12-23'),(982,13,74,8,3315,'2020-01-27'),(983,14,75,6,4605,'2020-08-15'),(984,15,21,5,3287,'2020-04-03'),(985,16,25,3,4751,'2020-11-20'),(986,17,56,4,2000,'2020-02-03'),(987,18,4,3,3394,'2020-02-11'),(988,19,42,8,4482,'2020-07-13'),(989,1,95,9,2128,'2020-10-09'),(990,2,36,8,3292,'2020-09-08'),(991,3,23,1,4784,'2020-05-10'),(992,4,55,10,3500,'2020-01-05'),(993,5,31,1,2627,'2020-05-07'),(994,6,60,4,4748,'2020-10-11'),(995,7,28,8,4301,'2020-05-23'),(996,8,15,10,4598,'2020-06-21'),(997,9,67,4,3913,'2020-11-29'),(998,10,19,10,4586,'2020-06-15'),(999,11,72,1,1843,'2020-07-09'),(1000,12,39,2,1044,'2020-11-30'),(1001,13,90,1,3752,'2020-10-13'),(1002,14,13,9,3381,'2020-11-02'),(1003,15,95,7,2128,'2020-12-02'),(1004,16,6,9,2030,'2020-06-10'),(1005,17,93,3,3879,'2020-09-17'),(1006,18,46,4,4157,'2020-06-07'),(1007,19,73,1,3338,'2020-04-18'),(1008,1,29,10,1068,'2020-02-09'),(1009,2,99,6,3479,'2020-03-12'),(1010,3,67,8,3913,'2020-03-07'),(1011,4,64,4,4360,'2020-04-29'),(1012,5,9,9,2763,'2020-06-10'),(1013,6,2,3,2276,'2020-11-15'),(1014,7,28,3,4301,'2020-05-18'),(1015,8,94,4,1306,'2020-12-07'),(1016,9,66,8,3699,'2020-02-25'),(1017,10,36,4,3292,'2020-09-27'),(1018,11,90,3,3752,'2020-05-13'),(1019,12,55,7,3500,'2020-09-24'),(1020,13,1,5,4304,'2020-09-11'),(1021,14,39,8,1044,'2020-05-13'),(1022,15,25,9,4751,'2020-04-26'),(1023,16,6,8,2030,'2020-03-23'),(1024,17,16,6,3235,'2020-05-03'),(1025,18,93,3,3879,'2020-04-02'),(1026,19,78,9,2387,'2020-11-22'),(1027,1,9,4,2763,'2020-03-18'),(1028,2,25,4,4751,'2020-07-08'),(1029,3,30,8,3525,'2020-10-21'),(1030,4,71,5,1352,'2020-09-13'),(1031,5,87,8,2222,'2020-10-14'),(1032,6,89,9,4854,'2020-06-12'),(1033,7,18,2,2070,'2020-05-30'),(1034,8,53,5,3978,'2020-12-27'),(1035,9,38,3,3881,'2020-12-06'),(1036,10,4,8,3394,'2020-09-10'),(1037,11,92,7,3204,'2020-01-24'),(1038,12,46,9,4157,'2020-01-30'),(1039,13,46,9,4157,'2020-09-05'),(1040,14,11,9,2702,'2020-05-11'),(1041,15,12,2,2854,'2020-03-19'),(1042,16,62,8,3677,'2020-06-17'),(1043,17,92,2,3204,'2020-11-20'),(1044,18,48,2,4274,'2020-02-05'),(1045,19,10,6,2368,'2020-09-20'),(1046,1,95,1,2128,'2020-03-23'),(1047,2,26,1,3546,'2020-05-19'),(1048,3,46,3,4157,'2020-10-10'),(1049,4,3,4,3977,'2020-07-21'),(1050,5,67,7,3913,'2020-03-04'),(1051,6,70,7,3228,'2020-12-23'),(1052,7,19,8,4586,'2020-08-13'),(1053,8,78,10,2387,'2020-07-20'),(1054,9,67,4,3913,'2020-03-16'),(1055,10,25,7,4751,'2020-02-11'),(1056,11,76,6,4646,'2020-06-05'),(1057,12,7,8,2926,'2020-10-07'),(1058,13,78,8,2387,'2020-08-13'),(1059,14,91,2,4263,'2020-07-31'),(1060,15,8,8,3705,'2020-09-20'),(1061,16,4,1,3394,'2020-09-05'),(1062,17,28,5,4301,'2020-02-16'),(1063,18,92,9,3204,'2020-05-17'),(1064,19,91,1,4263,'2020-02-24'),(1065,1,79,9,1704,'2020-03-11'),(1066,2,76,8,4646,'2020-03-18'),(1067,3,1,9,4304,'2020-02-10'),(1068,4,59,4,4645,'2020-02-22'),(1069,5,70,9,3228,'2020-11-06'),(1070,6,55,6,3500,'2020-06-20'),(1071,7,42,6,4482,'2020-11-21'),(1072,8,99,2,3479,'2020-06-19'),(1073,9,28,9,4301,'2020-03-01'),(1074,10,84,1,3378,'2020-03-24'),(1075,11,18,9,2070,'2020-08-25'),(1076,12,26,2,3546,'2020-12-16'),(1077,13,3,3,3977,'2020-01-05'),(1078,14,7,4,2926,'2020-01-19'),(1079,15,49,10,1107,'2020-09-25'),(1080,16,1,10,4304,'2020-08-19'),(1081,17,56,4,2000,'2020-03-19'),(1082,18,52,2,3570,'2020-07-23'),(1083,19,76,10,4646,'2020-05-13'),(1084,1,27,5,4931,'2020-06-13'),(1085,2,65,6,4024,'2020-05-27'),(1086,3,44,10,4914,'2020-07-26'),(1087,4,6,1,2030,'2020-06-12'),(1088,5,30,1,3525,'2020-09-30'),(1089,6,97,6,3111,'2020-10-21'),(1090,7,48,7,4274,'2020-12-05'),(1091,8,83,8,4074,'2020-08-08'),(1092,9,77,5,2515,'2020-01-20'),(1093,10,77,2,2515,'2020-03-13'),(1094,11,64,3,4360,'2020-10-30'),(1095,12,58,9,3441,'2020-03-10'),(1096,13,33,9,1266,'2020-05-13'),(1097,14,75,3,4605,'2020-02-19'),(1098,15,91,2,4263,'2020-12-21'),(1099,16,64,4,4360,'2020-10-15'),(1100,17,10,2,2368,'2020-12-12'),(1101,18,80,6,3145,'2020-01-24'),(1102,19,88,4,2409,'2020-05-30'),(1103,1,92,9,3204,'2020-08-10'),(1104,2,47,3,4841,'2020-06-20'),(1105,3,98,6,4675,'2020-01-02'),(1106,4,70,2,3228,'2020-03-29'),(1107,5,1,7,4304,'2020-11-22'),(1108,6,34,1,4762,'2020-07-27'),(1109,7,63,2,2535,'2020-02-01'),(1110,8,11,7,2702,'2020-10-15'),(1111,9,43,3,2783,'2020-09-22'),(1112,10,20,10,2452,'2020-08-12'),(1113,11,13,5,3381,'2020-03-07'),(1114,12,27,8,4931,'2020-09-09'),(1115,13,39,9,1044,'2020-09-02'),(1116,14,44,10,4914,'2020-04-27'),(1117,15,52,10,3570,'2020-08-21'),(1118,16,51,1,1280,'2020-08-28'),(1119,17,66,8,3699,'2020-06-23'),(1120,18,41,3,4666,'2020-01-27'),(1121,19,5,6,2822,'2020-02-20'),(1122,1,18,7,2070,'2020-10-09'),(1123,2,84,9,3378,'2020-09-15'),(1124,3,52,10,3570,'2020-03-13'),(1125,4,86,9,2543,'2020-04-09'),(1126,5,50,10,2945,'2020-01-21'),(1127,6,47,10,4841,'2020-12-12'),(1128,7,7,4,2926,'2020-06-29'),(1129,8,38,1,3881,'2020-04-06'),(1130,9,1,4,4304,'2020-07-16'),(1131,10,29,3,1068,'2020-08-30'),(1132,11,3,3,3977,'2020-05-12'),(1133,12,39,5,1044,'2020-12-24'),(1134,13,61,8,2063,'2020-09-24'),(1135,14,45,1,1907,'2020-02-05'),(1136,15,91,8,4263,'2020-09-28'),(1137,16,42,5,4482,'2020-03-21'),(1138,17,98,6,4675,'2020-08-24'),(1139,18,95,4,2128,'2020-03-05'),(1140,19,34,7,4762,'2020-05-02'),(1141,1,71,5,1352,'2020-04-19'),(1142,2,10,5,2368,'2020-04-07'),(1143,3,97,5,3111,'2020-01-09'),(1144,4,62,2,3677,'2020-12-31'),(1145,5,92,3,3204,'2020-02-01'),(1146,6,88,1,2409,'2020-02-08'),(1147,7,58,10,3441,'2020-05-25'),(1148,8,52,5,3570,'2020-11-14'),(1149,9,3,6,3977,'2020-07-17'),(1150,10,69,8,4043,'2020-05-03'),(1151,11,93,3,3879,'2020-05-14'),(1152,12,70,7,3228,'2020-03-23'),(1153,13,34,7,4762,'2020-09-02'),(1154,14,48,10,4274,'2020-11-01'),(1155,15,41,7,4666,'2020-02-26'),(1156,16,88,5,2409,'2020-07-04'),(1157,17,84,6,3378,'2020-05-27'),(1158,18,95,8,2128,'2020-06-08'),(1159,19,8,4,3705,'2020-04-25'),(1160,1,83,6,4074,'2020-12-27'),(1161,2,49,2,1107,'2020-11-20'),(1162,3,42,2,4482,'2020-01-01'),(1163,4,58,9,3441,'2020-08-06'),(1164,5,85,5,2126,'2020-09-14'),(1165,6,28,1,4301,'2020-10-26'),(1166,7,68,7,4116,'2020-04-24'),(1167,8,13,5,3381,'2020-10-24'),(1168,9,81,4,1073,'2020-03-24'),(1169,10,60,1,4748,'2020-12-16'),(1170,11,54,8,1451,'2020-05-01'),(1171,12,11,4,2702,'2020-08-12'),(1172,13,17,3,4359,'2020-08-31'),(1173,14,49,8,1107,'2020-01-01'),(1174,15,57,3,3413,'2020-05-16'),(1175,16,50,1,2945,'2020-05-12'),(1176,17,78,8,2387,'2020-05-18'),(1177,18,89,8,4854,'2020-12-02'),(1178,19,46,1,4157,'2020-06-10'),(1179,1,11,1,2702,'2020-01-07'),(1180,2,29,5,1068,'2020-02-20'),(1181,3,13,2,3381,'2020-02-10'),(1182,4,62,4,3677,'2020-07-10'),(1183,5,100,6,4082,'2020-04-01'),(1184,6,82,1,1841,'2020-03-15'),(1185,7,70,8,3228,'2020-10-01'),(1186,8,22,4,4826,'2020-06-16'),(1187,9,48,3,4274,'2020-04-23'),(1188,10,84,10,3378,'2020-01-18'),(1189,11,11,1,2702,'2020-05-12'),(1190,12,53,7,3978,'2020-05-17'),(1191,13,74,3,3315,'2020-12-04'),(1192,14,44,9,4914,'2020-11-24'),(1193,15,89,4,4854,'2020-04-25'),(1194,16,2,3,2276,'2020-06-16'),(1195,17,64,8,4360,'2020-09-30'),(1196,18,95,5,2128,'2020-01-18'),(1197,19,18,6,2070,'2020-12-08'),(1198,1,37,7,2808,'2020-08-21'),(1199,2,39,7,1044,'2020-07-11'),(1200,3,11,2,2702,'2020-11-05'),(1201,4,37,5,2808,'2020-10-18'),(1202,5,92,2,3204,'2020-03-31'),(1203,6,45,7,1907,'2020-05-29'),(1204,7,35,4,1320,'2020-11-07'),(1205,8,18,10,2070,'2020-01-07'),(1206,9,47,8,4841,'2020-06-15'),(1207,10,65,8,4024,'2020-12-08'),(1208,11,61,4,2063,'2020-05-29'),(1209,12,67,5,3913,'2020-01-16'),(1210,13,23,8,4784,'2020-11-15'),(1211,14,37,4,2808,'2020-10-29'),(1212,15,54,2,1451,'2020-06-26'),(1213,16,79,10,1704,'2020-02-13'),(1214,17,83,10,4074,'2020-02-09'),(1215,18,58,1,3441,'2020-11-27'),(1216,19,19,5,4586,'2020-02-08'),(1217,1,39,7,1044,'2020-01-14'),(1218,2,84,9,3378,'2020-04-28'),(1219,3,81,5,1073,'2020-02-25'),(1220,4,67,8,3913,'2020-06-19'),(1221,5,18,7,2070,'2020-10-22'),(1222,6,26,2,3546,'2020-09-09'),(1223,7,50,10,2945,'2020-02-11'),(1224,8,91,2,4263,'2020-03-08'),(1225,9,59,7,4645,'2020-02-07'),(1226,10,87,3,2222,'2020-07-04'),(1227,11,51,8,1280,'2020-03-28'),(1228,12,30,5,3525,'2020-04-12'),(1229,13,75,6,4605,'2020-06-22'),(1230,14,52,6,3570,'2020-01-19'),(1231,15,56,7,2000,'2020-10-26'),(1232,16,64,6,4360,'2020-08-02'),(1233,17,63,3,2535,'2020-09-23'),(1234,18,32,7,3483,'2020-08-01'),(1235,19,75,1,4605,'2020-06-02'),(1236,1,41,3,4666,'2020-02-05'),(1237,2,45,10,1907,'2020-06-14'),(1238,3,88,8,2409,'2020-03-26'),(1239,4,37,4,2808,'2020-05-05'),(1240,5,26,6,3546,'2020-10-21'),(1241,6,41,7,4666,'2020-06-09'),(1242,7,34,7,4762,'2020-02-10'),(1243,8,10,8,2368,'2020-08-30'),(1244,9,75,7,4605,'2020-04-24'),(1245,10,5,2,2822,'2020-12-03'),(1246,11,100,1,4082,'2020-10-14'),(1247,12,7,4,2926,'2020-01-31'),(1248,13,31,1,2627,'2020-04-05'),(1249,14,80,1,3145,'2020-07-21'),(1250,15,77,4,2515,'2020-07-04'),(1251,16,55,7,3500,'2020-01-11'),(1252,17,34,4,4762,'2020-05-15'),(1253,18,26,5,3546,'2020-12-11'),(1254,19,79,6,1704,'2020-09-10'),(1255,1,92,6,3204,'2020-05-17'),(1256,2,26,5,3546,'2020-12-20'),(1257,3,80,4,3145,'2020-07-25'),(1258,4,97,10,3111,'2020-12-01'),(1259,5,17,3,4359,'2020-08-26'),(1260,6,23,7,4784,'2020-04-29'),(1261,7,25,7,4751,'2020-12-14'),(1262,8,84,4,3378,'2020-12-24'),(1263,9,77,1,2515,'2020-03-13'),(1264,10,77,5,2515,'2020-03-24'),(1265,11,79,2,1704,'2020-12-07'),(1266,12,96,4,4329,'2020-01-15'),(1267,13,85,5,2126,'2020-09-12'),(1268,14,17,6,4359,'2020-03-07'),(1269,15,93,7,3879,'2020-04-28'),(1270,16,49,1,1107,'2020-08-08'),(1271,17,4,2,3394,'2020-02-24'),(1272,18,60,10,4748,'2020-08-25'),(1273,19,88,7,2409,'2020-07-23'),(1274,1,48,2,4274,'2020-01-25'),(1275,2,68,5,4116,'2020-11-06'),(1276,3,63,5,2535,'2020-02-25'),(1277,4,34,2,4762,'2020-05-02'),(1278,5,35,10,1320,'2020-10-11'),(1279,6,33,7,1266,'2020-04-13'),(1280,7,39,6,1044,'2020-09-10'),(1281,8,48,6,4274,'2020-03-08'),(1282,9,25,2,4751,'2020-05-15'),(1283,10,41,8,4666,'2020-09-18'),(1284,11,61,3,2063,'2020-10-21'),(1285,12,20,2,2452,'2020-12-01'),(1286,13,11,9,2702,'2020-12-11'),(1287,14,73,6,3338,'2020-11-18'),(1288,15,43,9,2783,'2020-10-24'),(1289,16,99,10,3479,'2020-12-08'),(1290,17,24,4,1916,'2020-04-26'),(1291,18,75,7,4605,'2020-06-17'),(1292,19,2,4,2276,'2020-02-06'),(1293,1,15,7,4598,'2020-04-05'),(1294,2,19,4,4586,'2020-10-02'),(1295,3,33,2,1266,'2020-08-14'),(1296,4,61,5,2063,'2020-01-08'),(1297,5,46,9,4157,'2020-05-06'),(1298,6,28,5,4301,'2020-12-14'),(1299,7,58,8,3441,'2020-06-30'),(1300,8,3,8,3977,'2020-04-07'),(1301,9,22,4,4826,'2020-09-06'),(1302,10,38,5,3881,'2020-06-18'),(1303,11,78,6,2387,'2020-05-13'),(1304,12,14,3,4985,'2020-02-10'),(1305,13,40,2,3240,'2020-03-24'),(1306,14,56,7,2000,'2020-12-12'),(1307,15,57,5,3413,'2020-05-05'),(1308,16,23,2,4784,'2020-11-08'),(1309,17,51,7,1280,'2020-11-07'),(1310,18,46,3,4157,'2020-07-01'),(1311,19,22,2,4826,'2020-05-12'),(1312,1,9,8,2763,'2020-10-04'),(1313,2,64,4,4360,'2020-04-11'),(1314,3,35,6,1320,'2020-01-05'),(1315,4,38,7,3881,'2020-06-23'),(1316,5,38,3,3881,'2020-09-08'),(1317,6,69,4,4043,'2020-07-28'),(1318,7,89,2,4854,'2020-07-08'),(1319,8,35,4,1320,'2020-07-15'),(1320,9,96,6,4329,'2020-10-02'),(1321,10,15,9,4598,'2020-05-28'),(1322,11,74,5,3315,'2020-06-06'),(1323,12,42,4,4482,'2020-07-11'),(1324,13,51,5,1280,'2020-08-09'),(1325,14,46,4,4157,'2020-04-27'),(1326,15,94,7,1306,'2020-01-28'),(1327,16,19,4,4586,'2020-03-08'),(1328,17,64,9,4360,'2020-07-29'),(1329,18,65,1,4024,'2020-09-02'),(1330,19,87,6,2222,'2020-07-27'),(1331,1,80,7,3145,'2020-09-29'),(1332,2,12,2,2854,'2020-02-24'),(1333,3,2,4,2276,'2020-03-08'),(1334,4,24,2,1916,'2020-01-29'),(1335,5,88,8,2409,'2020-11-20'),(1336,6,76,1,4646,'2020-09-08'),(1337,7,36,8,3292,'2020-10-12'),(1338,8,79,2,1704,'2020-07-04'),(1339,9,96,7,4329,'2020-09-05'),(1340,10,34,6,4762,'2020-12-29'),(1341,11,48,5,4274,'2020-09-17'),(1342,12,15,4,4598,'2020-08-18'),(1343,13,15,7,4598,'2020-09-12'),(1344,14,85,8,2126,'2020-04-08'),(1345,15,95,10,2128,'2020-09-12'),(1346,16,80,9,3145,'2020-02-05'),(1347,17,68,6,4116,'2020-01-03'),(1348,18,26,10,3546,'2020-05-20'),(1349,19,42,9,4482,'2020-07-22'),(1350,1,86,10,2543,'2020-10-12'),(1351,2,34,10,4762,'2020-09-23'),(1352,3,4,6,3394,'2020-02-07'),(1353,4,24,7,1916,'2020-08-16'),(1354,5,58,1,3441,'2020-01-02'),(1355,6,51,2,1280,'2020-12-18'),(1356,7,15,3,4598,'2020-04-02'),(1357,8,17,10,4359,'2020-03-20'),(1358,9,76,9,4646,'2020-10-29'),(1359,10,59,1,4645,'2020-03-31'),(1360,11,76,6,4646,'2020-06-04'),(1361,12,26,3,3546,'2020-02-08'),(1362,13,53,9,3978,'2020-12-05'),(1363,14,16,6,3235,'2020-05-27'),(1364,15,96,7,4329,'2020-07-30'),(1365,16,44,4,4914,'2020-01-17'),(1366,17,53,7,3978,'2020-07-07'),(1367,18,86,4,2543,'2020-04-22'),(1368,19,68,3,4116,'2020-11-14'),(1369,1,88,10,2409,'2020-11-05'),(1370,2,3,2,3977,'2020-09-23'),(1371,3,69,5,4043,'2020-05-26'),(1372,4,52,8,3570,'2020-11-20'),(1373,5,26,3,3546,'2020-08-17'),(1374,6,25,1,4751,'2020-02-15'),(1375,7,42,6,4482,'2020-03-13'),(1376,8,18,2,2070,'2020-12-12'),(1377,9,92,6,3204,'2020-03-28'),(1378,10,50,1,2945,'2020-03-23'),(1379,11,95,1,2128,'2020-11-13'),(1380,12,80,7,3145,'2020-05-17'),(1381,13,82,4,1841,'2020-03-20'),(1382,14,7,2,2926,'2020-05-10'),(1383,15,68,8,4116,'2020-10-06'),(1384,16,86,2,2543,'2020-12-15'),(1385,17,87,7,2222,'2020-05-09'),(1386,18,84,10,3378,'2020-04-02'),(1387,19,47,8,4841,'2020-02-05'),(1388,1,71,4,1352,'2020-12-03'),(1389,2,15,2,4598,'2020-03-23'),(1390,3,2,4,2276,'2020-07-06'),(1391,4,78,6,2387,'2020-12-04'),(1392,5,64,7,4360,'2020-03-13'),(1393,6,35,6,1320,'2020-03-25'),(1394,7,27,5,4931,'2020-01-24'),(1395,8,46,10,4157,'2020-06-20'),(1396,9,57,1,3413,'2020-04-25'),(1397,10,58,2,3441,'2020-11-01'),(1398,11,14,10,4985,'2020-07-25'),(1399,12,51,10,1280,'2020-07-26'),(1400,13,62,4,3677,'2020-02-26'),(1401,14,78,4,2387,'2020-02-02'),(1402,15,92,1,3204,'2020-03-11'),(1403,16,5,10,2822,'2020-05-26'),(1404,17,96,8,4329,'2020-03-28'),(1405,18,89,7,4854,'2020-02-23'),(1406,19,87,2,2222,'2020-03-04'),(1407,1,31,6,2627,'2020-02-17'),(1408,2,25,10,4751,'2020-09-25'),(1409,3,7,10,2926,'2020-04-24'),(1410,4,53,9,3978,'2020-06-09'),(1411,5,8,1,3705,'2020-11-08'),(1412,6,77,4,2515,'2020-02-24'),(1413,7,71,7,1352,'2020-12-13'),(1414,8,61,7,2063,'2020-06-28'),(1415,9,90,9,3752,'2020-07-29'),(1416,10,23,2,4784,'2020-07-20'),(1417,11,83,2,4074,'2020-10-22'),(1418,12,86,8,2543,'2020-06-04'),(1419,13,22,1,4826,'2020-06-16'),(1420,14,38,6,3881,'2020-07-11'),(1421,15,19,8,4586,'2020-01-18'),(1422,16,68,7,4116,'2020-08-01'),(1423,17,28,2,4301,'2020-02-02'),(1424,18,92,1,3204,'2020-08-26'),(1425,19,32,2,3483,'2020-03-18'),(1426,1,65,7,4024,'2020-06-25'),(1427,2,22,10,4826,'2020-09-22'),(1428,3,72,10,1843,'2020-01-20'),(1429,4,25,3,4751,'2020-05-12'),(1430,5,60,1,4748,'2020-07-15'),(1431,6,82,8,1841,'2020-10-08'),(1432,7,1,9,4304,'2020-01-21'),(1433,8,53,2,3978,'2020-12-08'),(1434,9,13,1,3381,'2020-01-26'),(1435,10,77,9,2515,'2020-09-29'),(1436,11,60,3,4748,'2020-01-28'),(1437,12,83,2,4074,'2020-09-20'),(1438,13,99,1,3479,'2020-05-03'),(1439,14,48,7,4274,'2020-07-15'),(1440,15,65,9,4024,'2020-07-26'),(1441,16,34,5,4762,'2020-06-18'),(1442,17,8,7,3705,'2020-10-21'),(1443,18,13,8,3381,'2020-12-31'),(1444,19,78,7,2387,'2020-12-13'),(1445,1,50,9,2945,'2020-07-30'),(1446,2,54,5,1451,'2020-02-12'),(1447,3,97,1,3111,'2020-08-28'),(1448,4,40,8,3240,'2020-05-01'),(1449,5,41,6,4666,'2020-10-03'),(1450,6,20,6,2452,'2020-02-11'),(1451,7,94,7,1306,'2020-04-25'),(1452,8,52,2,3570,'2020-10-01'),(1453,9,33,3,1266,'2020-05-23'),(1454,10,93,4,3879,'2020-09-01'),(1455,11,32,9,3483,'2020-08-26'),(1456,12,91,4,4263,'2020-03-08'),(1457,13,57,5,3413,'2020-03-24'),(1458,14,68,5,4116,'2020-08-12'),(1459,15,39,9,1044,'2020-02-07'),(1460,16,4,5,3394,'2020-11-03'),(1461,17,28,6,4301,'2020-11-22'),(1462,18,95,7,2128,'2020-10-04'),(1463,19,1,5,4304,'2020-04-26'),(1464,1,27,5,4931,'2020-06-18'),(1465,2,90,7,3752,'2020-12-06'),(1466,3,33,1,1266,'2020-06-19'),(1467,4,33,9,1266,'2020-06-21'),(1468,5,13,5,3381,'2020-06-06'),(1469,6,91,1,4263,'2020-05-04'),(1470,7,57,2,3413,'2020-11-15'),(1471,8,65,6,4024,'2020-10-29'),(1472,9,65,10,4024,'2020-09-19'),(1473,10,95,4,2128,'2020-07-11'),(1474,11,95,2,2128,'2020-03-12'),(1475,12,15,8,4598,'2020-04-08'),(1476,13,41,7,4666,'2020-01-31'),(1477,14,70,10,3228,'2020-03-27'),(1478,15,55,1,3500,'2020-05-15'),(1479,16,43,9,2783,'2020-10-14'),(1480,17,41,9,4666,'2020-01-05'),(1481,18,3,3,3977,'2020-09-23'),(1482,19,11,8,2702,'2020-08-03'),(1483,1,16,9,3235,'2020-03-17'),(1484,2,10,8,2368,'2020-07-12'),(1485,3,79,6,1704,'2020-08-09'),(1486,4,87,7,2222,'2020-09-27'),(1487,5,47,8,4841,'2020-05-22'),(1488,6,69,5,4043,'2020-01-03'),(1489,7,48,6,4274,'2020-02-21'),(1490,8,35,3,1320,'2020-12-01'),(1491,9,73,8,3338,'2020-01-17'),(1492,10,12,1,2854,'2020-03-06'),(1493,11,73,1,3338,'2020-09-20'),(1494,12,33,3,1266,'2020-10-03'),(1495,13,97,4,3111,'2020-03-17'),(1496,14,21,5,3287,'2020-11-25'),(1497,15,61,5,2063,'2020-07-28'),(1498,16,44,10,4914,'2020-01-20'),(1499,17,25,2,4751,'2020-02-02'),(1500,18,45,6,1907,'2020-02-18'),(1501,19,67,8,3913,'2020-02-22'),(1502,1,86,4,2543,'2020-09-02'),(1503,2,85,5,2126,'2020-04-05'),(1504,3,17,8,4359,'2020-05-18'),(1505,4,48,6,4274,'2020-03-31'),(1506,5,51,8,1280,'2020-11-26'),(1507,6,38,4,3881,'2020-02-09'),(1508,7,50,9,2945,'2020-06-27'),(1509,8,64,4,4360,'2020-11-20'),(1510,9,45,8,1907,'2020-12-18'),(1511,10,5,7,2822,'2020-08-25'),(1512,11,20,10,2452,'2020-02-21'),(1513,12,67,8,3913,'2020-11-23'),(1514,13,39,8,1044,'2020-07-15'),(1515,14,39,8,1044,'2020-09-20'),(1516,15,15,3,4598,'2020-10-05'),(1517,16,68,7,4116,'2020-10-07'),(1518,17,32,4,3483,'2020-04-01'),(1519,18,4,10,3394,'2020-04-22'),(1520,19,86,5,2543,'2020-06-07'),(1521,1,72,1,1843,'2020-10-05'),(1522,2,58,10,3441,'2020-11-24'),(1523,3,16,10,3235,'2020-11-12'),(1524,4,62,2,3677,'2020-01-13'),(1525,5,41,9,4666,'2020-07-22'),(1526,6,23,7,4784,'2020-06-07'),(1527,7,30,1,3525,'2020-05-17'),(1528,8,100,1,4082,'2020-04-29'),(1529,9,40,7,3240,'2020-05-12'),(1530,10,2,4,2276,'2020-04-12'),(1531,11,73,1,3338,'2020-12-30'),(1532,12,51,3,1280,'2020-09-12'),(1533,13,87,4,2222,'2020-06-18'),(1534,14,94,3,1306,'2020-08-25'),(1535,15,5,3,2822,'2020-09-30'),(1536,16,50,10,2945,'2020-03-22'),(1537,17,55,10,3500,'2020-03-07'),(1538,18,62,9,3677,'2020-12-19'),(1539,19,35,7,1320,'2020-06-05'),(1540,1,60,5,4748,'2020-11-01'),(1541,2,15,8,4598,'2020-04-07'),(1542,3,85,5,2126,'2020-09-20'),(1543,4,95,7,2128,'2020-07-09'),(1544,5,42,9,4482,'2020-05-26'),(1545,6,52,2,3570,'2020-11-03'),(1546,7,40,7,3240,'2020-11-16'),(1547,8,35,5,1320,'2020-07-28'),(1548,9,2,1,2276,'2020-01-09'),(1549,10,14,8,4985,'2020-04-25'),(1550,11,82,3,1841,'2020-08-26'),(1551,12,99,8,3479,'2020-03-10'),(1552,13,29,4,1068,'2020-10-16'),(1553,14,97,8,3111,'2020-10-27'),(1554,15,74,9,3315,'2020-09-01'),(1555,16,84,6,3378,'2020-02-10'),(1556,17,23,1,4784,'2020-05-13'),(1557,18,44,6,4914,'2020-07-17'),(1558,19,63,10,2535,'2020-04-30'),(1559,1,35,4,1320,'2020-07-15'),(1560,2,72,9,1843,'2020-08-29'),(1561,3,73,6,3338,'2020-05-21'),(1562,4,82,1,1841,'2020-05-17'),(1563,5,11,2,2702,'2020-11-18'),(1564,6,66,5,3699,'2020-08-20'),(1565,7,97,6,3111,'2020-06-20'),(1566,8,28,9,4301,'2020-02-06'),(1567,9,62,1,3677,'2020-09-11'),(1568,10,98,7,4675,'2020-04-01'),(1569,11,98,6,4675,'2020-10-06'),(1570,12,16,4,3235,'2020-04-12'),(1571,13,27,4,4931,'2020-08-27'),(1572,14,53,2,3978,'2020-08-19'),(1573,15,82,2,1841,'2020-01-19'),(1574,16,36,1,3292,'2020-06-06'),(1575,17,77,6,2515,'2020-08-30'),(1576,18,58,5,3441,'2020-04-27'),(1577,19,9,6,2763,'2020-07-21'),(1578,1,75,10,4605,'2020-10-19'),(1579,2,16,2,3235,'2020-06-20'),(1580,3,55,2,3500,'2020-11-02'),(1581,4,74,6,3315,'2020-04-22'),(1582,5,3,3,3977,'2020-01-09'),(1583,6,51,8,1280,'2020-04-05'),(1584,7,76,3,4646,'2020-07-10'),(1585,8,64,10,4360,'2020-01-03'),(1586,9,13,9,3381,'2020-07-23'),(1587,10,80,3,3145,'2020-12-07'),(1588,11,88,6,2409,'2020-12-27'),(1589,12,95,10,2128,'2020-11-08'),(1590,13,50,6,2945,'2020-11-06'),(1591,14,83,4,4074,'2020-10-08'),(1592,15,75,6,4605,'2020-09-25'),(1593,16,58,10,3441,'2020-01-02'),(1594,17,18,5,2070,'2020-01-24'),(1595,18,47,8,4841,'2020-08-20'),(1596,19,14,6,4985,'2020-01-09'),(1597,1,38,8,3881,'2020-04-17'),(1598,2,31,8,2627,'2020-10-23'),(1599,3,68,2,4116,'2020-04-29'),(1600,4,3,9,3977,'2020-01-25'),(1601,5,55,5,3500,'2020-12-31'),(1602,6,53,3,3978,'2020-10-03'),(1603,7,39,1,1044,'2020-03-19'),(1604,8,11,9,2702,'2020-12-19'),(1605,9,23,1,4784,'2020-04-06'),(1606,10,11,1,2702,'2020-03-22'),(1607,11,31,6,2627,'2020-01-14'),(1608,12,93,9,3879,'2020-02-03'),(1609,13,31,8,2627,'2020-10-02'),(1610,14,59,2,4645,'2020-01-18'),(1611,15,24,7,1916,'2020-10-23'),(1612,16,91,8,4263,'2020-08-21'),(1613,17,56,1,2000,'2020-04-26'),(1614,18,78,2,2387,'2020-12-04'),(1615,19,99,6,3479,'2020-11-20'),(1616,1,70,6,3228,'2020-11-15'),(1617,2,42,6,4482,'2020-06-27'),(1618,3,35,7,1320,'2020-08-11'),(1619,4,4,4,3394,'2020-08-11'),(1620,5,15,9,4598,'2020-01-05'),(1621,6,23,2,4784,'2020-03-13'),(1622,7,15,8,4598,'2020-08-08'),(1623,8,100,1,4082,'2020-12-08'),(1624,9,100,9,4082,'2020-05-03'),(1625,10,81,2,1073,'2020-10-17'),(1626,11,74,8,3315,'2020-06-30'),(1627,12,35,5,1320,'2020-01-13'),(1628,13,17,7,4359,'2020-08-02'),(1629,14,17,6,4359,'2020-04-24'),(1630,15,3,8,3977,'2020-03-29'),(1631,16,84,10,3378,'2020-06-05'),(1632,17,37,10,2808,'2020-06-25'),(1633,18,97,4,3111,'2020-03-21'),(1634,19,72,4,1843,'2020-09-13'),(1635,1,89,5,4854,'2020-07-29'),(1636,2,39,7,1044,'2020-07-05'),(1637,3,67,5,3913,'2020-07-04'),(1638,4,93,3,3879,'2020-10-16'),(1639,5,45,5,1907,'2020-12-21'),(1640,6,14,4,4985,'2020-04-04'),(1641,7,57,9,3413,'2020-09-19'),(1642,8,6,3,2030,'2020-12-30'),(1643,9,80,7,3145,'2020-03-22'),(1644,10,50,7,2945,'2020-12-11'),(1645,11,17,2,4359,'2020-12-29'),(1646,12,9,2,2763,'2020-10-22'),(1647,13,21,10,3287,'2020-10-09'),(1648,14,49,10,1107,'2020-05-18'),(1649,15,86,1,2543,'2020-07-28'),(1650,16,77,6,2515,'2020-12-11'),(1651,17,68,7,4116,'2020-02-25'),(1652,18,61,9,2063,'2020-11-19'),(1653,19,92,9,3204,'2020-08-28'),(1654,1,71,1,1352,'2020-09-08'),(1655,2,53,6,3978,'2020-05-05'),(1656,3,95,3,2128,'2020-11-06'),(1657,4,59,8,4645,'2020-04-27'),(1658,5,93,4,3879,'2020-07-07'),(1659,6,79,4,1704,'2020-04-17'),(1660,7,2,6,2276,'2020-04-28'),(1661,8,17,2,4359,'2020-09-26'),(1662,9,43,8,2783,'2020-06-06'),(1663,10,73,10,3338,'2020-02-08'),(1664,11,7,8,2926,'2020-04-15'),(1665,12,38,10,3881,'2020-09-22'),(1666,13,14,10,4985,'2020-01-03'),(1667,14,12,1,2854,'2020-07-05'),(1668,15,84,8,3378,'2020-03-17'),(1669,16,44,7,4914,'2020-09-10'),(1670,17,22,3,4826,'2020-11-22'),(1671,18,96,1,4329,'2020-04-01'),(1672,19,31,1,2627,'2020-07-01'),(1673,1,36,4,3292,'2020-11-05'),(1674,2,17,7,4359,'2020-07-07'),(1675,3,70,1,3228,'2020-01-09'),(1676,4,34,4,4762,'2020-08-25'),(1677,5,100,8,4082,'2020-04-27'),(1678,6,56,3,2000,'2020-01-22'),(1679,7,42,6,4482,'2020-02-18'),(1680,8,73,8,3338,'2020-12-12'),(1681,9,38,7,3881,'2020-06-09'),(1682,10,35,4,1320,'2020-10-07'),(1683,11,29,5,1068,'2020-03-19'),(1684,12,64,7,4360,'2020-01-03'),(1685,13,45,6,1907,'2020-05-12'),(1686,14,69,9,4043,'2020-11-20'),(1687,15,13,10,3381,'2020-01-25'),(1688,16,27,4,4931,'2020-02-24'),(1689,17,80,3,3145,'2020-10-12'),(1690,18,68,7,4116,'2020-06-10'),(1691,19,15,10,4598,'2020-12-09'),(1692,1,65,5,4024,'2020-12-24'),(1693,2,51,3,1280,'2020-03-19'),(1694,3,13,6,3381,'2020-05-24'),(1695,4,98,3,4675,'2020-03-05'),(1696,5,20,2,2452,'2020-06-04'),(1697,6,71,10,1352,'2020-10-29'),(1698,7,37,10,2808,'2020-06-02'),(1699,8,38,6,3881,'2020-10-17'),(1700,9,86,1,2543,'2020-11-05'),(1701,10,61,10,2063,'2020-07-09'),(1702,11,3,6,3977,'2020-03-22'),(1703,12,80,6,3145,'2020-09-02'),(1704,13,86,10,2543,'2020-12-14'),(1705,14,80,7,3145,'2020-01-28'),(1706,15,77,2,2515,'2020-09-03'),(1707,16,43,4,2783,'2020-01-11'),(1708,17,59,8,4645,'2020-09-30'),(1709,18,70,8,3228,'2020-07-25'),(1710,19,75,6,4605,'2020-10-16'),(1711,1,83,6,4074,'2020-07-18'),(1712,2,79,9,1704,'2020-05-04'),(1713,3,14,8,4985,'2020-11-12'),(1714,4,50,5,2945,'2020-06-19'),(1715,5,96,10,4329,'2020-10-04'),(1716,6,72,6,1843,'2020-07-03'),(1717,7,30,10,3525,'2020-04-15'),(1718,8,89,5,4854,'2020-02-26'),(1719,9,94,1,1306,'2020-05-09'),(1720,10,88,7,2409,'2020-08-19'),(1721,11,70,1,3228,'2020-02-11'),(1722,12,32,7,3483,'2020-10-20'),(1723,13,49,2,1107,'2020-12-12'),(1724,14,27,4,4931,'2020-06-22'),(1725,15,51,2,1280,'2020-05-03'),(1726,16,34,2,4762,'2020-09-21'),(1727,17,20,3,2452,'2020-02-22'),(1728,18,89,4,4854,'2020-08-03'),(1729,19,48,6,4274,'2020-01-31'),(1730,1,71,5,1352,'2020-09-12'),(1731,2,36,8,3292,'2020-05-24'),(1732,3,33,9,1266,'2020-06-10'),(1733,4,91,3,4263,'2020-04-22'),(1734,5,16,9,3235,'2020-04-15'),(1735,6,53,3,3978,'2020-12-03'),(1736,7,21,5,3287,'2020-04-01'),(1737,8,98,8,4675,'2020-09-24'),(1738,9,17,8,4359,'2020-09-13'),(1739,10,95,9,2128,'2020-04-13'),(1740,11,34,7,4762,'2020-11-19'),(1741,12,10,1,2368,'2020-08-14'),(1742,13,72,4,1843,'2020-02-05'),(1743,14,34,7,4762,'2020-02-26'),(1744,15,90,10,3752,'2020-12-07'),(1745,16,22,1,4826,'2020-08-13'),(1746,17,31,7,2627,'2020-12-07'),(1747,18,62,2,3677,'2020-07-03'),(1748,19,87,6,2222,'2020-07-06'),(1749,1,87,1,2222,'2020-05-18'),(1750,2,35,1,1320,'2020-02-10'),(1751,3,70,3,3228,'2020-04-11'),(1752,4,50,10,2945,'2020-06-16'),(1753,5,77,7,2515,'2020-11-06'),(1754,6,23,8,4784,'2020-04-15'),(1755,7,48,7,4274,'2020-12-04'),(1756,8,88,9,2409,'2020-05-22'),(1757,9,87,5,2222,'2020-01-07'),(1758,10,52,7,3570,'2020-08-21'),(1759,11,54,2,1451,'2020-02-16'),(1760,12,34,7,4762,'2020-11-26'),(1761,13,57,4,3413,'2020-05-01'),(1762,14,86,4,2543,'2020-10-03'),(1763,15,79,9,1704,'2020-06-25'),(1764,16,46,1,4157,'2020-10-12'),(1765,17,69,8,4043,'2020-05-28'),(1766,18,71,10,1352,'2020-02-05'),(1767,19,87,4,2222,'2020-03-23'),(1768,1,99,4,3479,'2020-10-14'),(1769,2,92,4,3204,'2020-10-28'),(1770,3,76,8,4646,'2020-02-10'),(1771,4,8,8,3705,'2020-11-07'),(1772,5,41,8,4666,'2020-02-28'),(1773,6,7,10,2926,'2020-08-14'),(1774,7,53,4,3978,'2020-11-16'),(1775,8,72,5,1843,'2020-07-19'),(1776,9,63,6,2535,'2020-05-30'),(1777,10,3,10,3977,'2020-02-13'),(1778,11,89,4,4854,'2020-04-03'),(1779,12,14,2,4985,'2020-08-27'),(1780,13,2,6,2276,'2020-06-13'),(1781,14,26,7,3546,'2020-08-01'),(1782,15,44,5,4914,'2020-10-26'),(1783,16,58,10,3441,'2020-09-11'),(1784,17,64,3,4360,'2020-05-01'),(1785,18,45,6,1907,'2020-10-24'),(1786,19,26,9,3546,'2020-08-11'),(1787,1,36,5,3292,'2020-05-20'),(1788,2,62,6,3677,'2020-08-17'),(1789,3,70,2,3228,'2020-06-28'),(1790,4,52,6,3570,'2020-07-14'),(1791,5,14,5,4985,'2020-06-18'),(1792,6,80,7,3145,'2020-01-16'),(1793,7,26,2,3546,'2020-03-19'),(1794,8,41,9,4666,'2020-07-15'),(1795,9,4,3,3394,'2020-02-20'),(1796,10,29,8,1068,'2020-05-14'),(1797,11,91,3,4263,'2020-06-21'),(1798,12,5,7,2822,'2020-05-20'),(1799,13,24,2,1916,'2020-12-25'),(1800,14,34,4,4762,'2020-10-10'),(1801,15,96,9,4329,'2020-03-11'),(1802,16,94,9,1306,'2020-12-30'),(1803,17,66,1,3699,'2020-02-13'),(1804,18,88,9,2409,'2020-09-13'),(1805,19,79,3,1704,'2020-01-13'),(1806,1,20,9,2452,'2020-08-08'),(1807,2,85,10,2126,'2020-03-02'),(1808,3,27,5,4931,'2020-07-14'),(1809,4,67,9,3913,'2020-03-13'),(1810,5,16,10,3235,'2020-07-30'),(1811,6,15,1,4598,'2020-06-12'),(1812,7,27,2,4931,'2020-07-18'),(1813,8,19,9,4586,'2020-10-12'),(1814,9,95,8,2128,'2020-10-12'),(1815,10,11,9,2702,'2020-03-10'),(1816,11,48,7,4274,'2020-06-06'),(1817,12,41,6,4666,'2020-08-23'),(1818,13,32,4,3483,'2020-02-02'),(1819,14,42,9,4482,'2020-06-02'),(1820,15,69,6,4043,'2020-09-20'),(1821,16,36,9,3292,'2020-08-22'),(1822,17,24,3,1916,'2020-01-20'),(1823,18,43,10,2783,'2020-11-27'),(1824,19,46,8,4157,'2020-08-08'),(1825,1,73,8,3338,'2020-04-02'),(1826,2,6,10,2030,'2020-04-10'),(1827,3,5,3,2822,'2020-05-24'),(1828,4,6,4,2030,'2020-01-11'),(1829,5,37,8,2808,'2020-03-28'),(1830,6,95,2,2128,'2020-08-09'),(1831,7,71,8,1352,'2020-10-08'),(1832,8,10,6,2368,'2020-12-16'),(1833,9,88,9,2409,'2020-03-01'),(1834,10,31,8,2627,'2020-06-06'),(1835,11,84,2,3378,'2020-07-23'),(1836,12,99,10,3479,'2020-03-10'),(1837,13,12,3,2854,'2020-12-20'),(1838,14,43,2,2783,'2020-06-15'),(1839,15,46,6,4157,'2020-12-26'),(1840,16,25,4,4751,'2020-12-04'),(1841,17,22,7,4826,'2020-12-09'),(1842,18,83,5,4074,'2020-10-15'),(1843,19,98,1,4675,'2020-07-01'),(1844,1,55,7,3500,'2020-01-10'),(1845,2,57,1,3413,'2020-11-09'),(1846,3,13,9,3381,'2020-02-20'),(1847,4,12,6,2854,'2020-05-24'),(1848,5,61,8,2063,'2020-10-07'),(1849,6,38,4,3881,'2020-06-18'),(1850,7,1,2,4304,'2020-04-23'),(1851,8,12,4,2854,'2020-01-12'),(1852,9,12,9,2854,'2020-10-22'),(1853,10,38,7,3881,'2020-02-10'),(1854,11,52,2,3570,'2020-10-31'),(1855,12,5,4,2822,'2020-03-31'),(1856,13,77,8,2515,'2020-09-14'),(1857,14,56,4,2000,'2020-03-12'),(1858,15,15,2,4598,'2020-07-11'),(1859,16,30,7,3525,'2020-12-15'),(1860,17,22,7,4826,'2020-12-22'),(1861,18,49,6,1107,'2020-04-08'),(1862,19,24,5,1916,'2020-11-08'),(1863,1,26,10,3546,'2020-09-23'),(1864,2,27,4,4931,'2020-05-01'),(1865,3,68,8,4116,'2020-09-02'),(1866,4,97,1,3111,'2020-03-19'),(1867,5,59,8,4645,'2020-05-24'),(1868,6,79,9,1704,'2020-06-25'),(1869,7,80,4,3145,'2020-04-06'),(1870,8,15,8,4598,'2020-03-27'),(1871,9,69,10,4043,'2020-05-24'),(1872,10,68,9,4116,'2020-10-28'),(1873,11,39,8,1044,'2020-03-26'),(1874,12,63,2,2535,'2020-11-12'),(1875,13,83,4,4074,'2020-08-16'),(1876,14,92,5,3204,'2020-03-20'),(1877,15,55,1,3500,'2020-12-28'),(1878,16,71,1,1352,'2020-12-20'),(1879,17,99,10,3479,'2020-10-08'),(1880,18,18,4,2070,'2020-01-11'),(1881,19,12,9,2854,'2020-08-06'),(1882,1,90,5,3752,'2020-10-06'),(1883,2,44,10,4914,'2020-06-28'),(1884,3,47,9,4841,'2020-05-28'),(1885,4,36,10,3292,'2020-06-20'),(1886,5,75,6,4605,'2020-10-03'),(1887,6,43,2,2783,'2020-07-20'),(1888,7,82,9,1841,'2020-06-12'),(1889,8,31,4,2627,'2020-06-03'),(1890,9,37,3,2808,'2020-04-28'),(1891,10,92,5,3204,'2020-05-12'),(1892,11,69,3,4043,'2020-07-09'),(1893,12,82,2,1841,'2020-05-02'),(1894,13,51,2,1280,'2020-04-11'),(1895,14,48,7,4274,'2020-03-15'),(1896,15,68,2,4116,'2020-05-15'),(1897,16,79,2,1704,'2020-11-03'),(1898,17,26,3,3546,'2020-12-25'),(1899,18,22,10,4826,'2020-12-06'),(1900,19,86,5,2543,'2020-08-08'),(1901,1,90,2,3752,'2020-09-28'),(1902,2,90,9,3752,'2020-01-18'),(1903,3,48,10,4274,'2020-11-03'),(1904,4,63,5,2535,'2020-06-24'),(1905,5,43,9,2783,'2020-08-23'),(1906,6,46,4,4157,'2020-12-25'),(1907,7,51,7,1280,'2020-01-10'),(1908,8,70,6,3228,'2020-05-02'),(1909,9,1,5,4304,'2020-04-29'),(1910,10,76,2,4646,'2020-10-17'),(1911,11,31,5,2627,'2020-02-06'),(1912,12,2,6,2276,'2020-09-07'),(1913,13,75,3,4605,'2020-02-25'),(1914,14,74,6,3315,'2020-02-25'),(1915,15,64,2,4360,'2020-04-02'),(1916,16,37,6,2808,'2020-11-30'),(1917,17,74,10,3315,'2020-10-20'),(1918,18,90,3,3752,'2020-07-27'),(1919,19,92,7,3204,'2020-09-02'),(1920,1,80,8,3145,'2020-07-15'),(1921,2,9,3,2763,'2020-11-13'),(1922,3,8,2,3705,'2020-09-25'),(1923,4,64,3,4360,'2020-08-01'),(1924,5,16,10,3235,'2020-04-26'),(1925,6,45,2,1907,'2020-02-17'),(1926,7,49,4,1107,'2020-05-12'),(1927,8,44,7,4914,'2020-04-12'),(1928,9,24,4,1916,'2020-03-09'),(1929,10,79,2,1704,'2020-12-08'),(1930,11,40,10,3240,'2020-11-02'),(1931,12,6,6,2030,'2020-03-30'),(1932,13,84,6,3378,'2020-06-19'),(1933,14,49,9,1107,'2020-06-01'),(1934,15,87,4,2222,'2020-09-29'),(1935,16,82,10,1841,'2020-06-01'),(1936,17,82,10,1841,'2020-09-28'),(1937,18,56,9,2000,'2020-02-17'),(1938,19,48,4,4274,'2020-06-21'),(1939,1,7,10,2926,'2020-08-18'),(1940,2,57,2,3413,'2020-02-25'),(1941,3,94,5,1306,'2020-10-11'),(1942,4,8,5,3705,'2020-09-27'),(1943,5,50,3,2945,'2020-09-13'),(1944,6,84,2,3378,'2020-01-16'),(1945,7,91,5,4263,'2020-03-01'),(1946,8,20,2,2452,'2020-07-13'),(1947,9,23,5,4784,'2020-02-10'),(1948,10,8,10,3705,'2020-06-27'),(1949,11,33,2,1266,'2020-09-12'),(1950,12,59,10,4645,'2020-07-14'),(1951,13,45,5,1907,'2020-02-24'),(1952,14,44,10,4914,'2020-05-22'),(1953,15,15,8,4598,'2020-03-15'),(1954,16,68,7,4116,'2020-08-23'),(1955,17,91,9,4263,'2020-10-19'),(1956,18,69,10,4043,'2020-12-29'),(1957,19,23,2,4784,'2020-07-02'),(1958,1,35,5,1320,'2020-11-18'),(1959,2,19,4,4586,'2020-04-30'),(1960,3,78,5,2387,'2020-10-21'),(1961,4,9,5,2763,'2020-06-23'),(1962,5,68,7,4116,'2020-02-14'),(1963,6,39,7,1044,'2020-04-30'),(1964,7,93,7,3879,'2020-05-14'),(1965,8,88,7,2409,'2020-09-13'),(1966,9,37,8,2808,'2020-03-30'),(1967,10,63,6,2535,'2020-09-26'),(1968,11,71,4,1352,'2020-06-28'),(1969,12,1,1,4304,'2020-01-02'),(1970,13,51,3,1280,'2020-02-22'),(1971,14,65,7,4024,'2020-01-03'),(1972,15,16,7,3235,'2020-01-25'),(1973,16,94,9,1306,'2020-01-20'),(1974,17,24,5,1916,'2020-11-03'),(1975,18,20,9,2452,'2020-02-07'),(1976,19,90,5,3752,'2020-04-03'),(1977,1,10,7,2368,'2020-05-24'),(1978,2,85,2,2126,'2020-02-10'),(1979,3,84,1,3378,'2020-11-21'),(1980,4,99,7,3479,'2020-09-07'),(1981,5,26,5,3546,'2020-12-20'),(1982,6,55,10,3500,'2020-12-05'),(1983,7,72,9,1843,'2020-09-08'),(1984,8,50,2,2945,'2020-05-31'),(1985,9,4,10,3394,'2020-01-11'),(1986,10,20,3,2452,'2020-12-24'),(1987,11,43,2,2783,'2020-07-08'),(1988,12,28,10,4301,'2020-09-07'),(1989,13,15,7,4598,'2020-09-11'),(1990,14,26,6,3546,'2020-08-10'),(1991,15,78,10,2387,'2020-12-15'),(1992,16,45,9,1907,'2020-04-19'),(1993,17,44,10,4914,'2020-10-27'),(1994,18,49,4,1107,'2020-04-24'),(1995,19,9,10,2763,'2020-09-24'),(1996,1,64,8,4360,'2020-09-12'),(1997,2,54,6,1451,'2020-06-01'),(1998,3,62,6,3677,'2020-11-14'),(1999,4,17,2,4359,'2020-10-18'),(2000,5,90,5,3752,'2020-10-17'),(2001,6,28,6,4301,'2020-01-15'),(2002,7,47,4,4841,'2020-03-14'),(2003,8,76,6,4646,'2020-12-27'),(2004,9,52,9,3570,'2020-11-29'),(2005,10,5,5,2822,'2020-10-29'),(2006,11,20,5,2452,'2020-10-31'),(2007,12,24,1,1916,'2020-12-31'),(2008,13,66,3,3699,'2020-07-07'),(2009,14,67,7,3913,'2020-09-04'),(2010,15,31,1,2627,'2020-02-14'),(2011,16,52,9,3570,'2020-09-07'),(2012,17,61,7,2063,'2020-02-20'),(2013,18,87,9,2222,'2020-08-04'),(2014,19,82,7,1841,'2020-11-10'),(2015,1,80,1,3145,'2020-08-09'),(2016,2,2,5,2276,'2020-10-18'),(2017,3,9,6,2763,'2020-01-10'),(2018,4,96,10,4329,'2020-06-22'),(2019,5,89,4,4854,'2020-02-15'),(2020,6,54,6,1451,'2020-11-27'),(2021,7,8,1,3705,'2020-06-10'),(2022,8,2,4,2276,'2020-12-06'),(2023,9,48,9,4274,'2020-08-19'),(2024,10,39,5,1044,'2020-12-14'),(2025,11,45,1,1907,'2020-06-01'),(2026,12,91,2,4263,'2020-12-04'),(2027,13,72,9,1843,'2020-05-09'),(2028,14,14,6,4985,'2020-02-29'),(2029,15,36,6,3292,'2020-10-23'),(2030,16,47,2,4841,'2020-07-07'),(2031,17,44,2,4914,'2020-03-13'),(2032,18,38,5,3881,'2020-01-09'),(2033,19,18,2,2070,'2020-04-17'),(2034,1,87,2,2222,'2020-02-03'),(2035,2,40,9,3240,'2020-01-30'),(2036,3,53,9,3978,'2020-08-29'),(2037,4,75,3,4605,'2020-08-01'),(2038,5,4,4,3394,'2020-06-26'),(2039,6,76,2,4646,'2020-07-08'),(2040,7,64,5,4360,'2020-09-24'),(2041,8,67,10,3913,'2020-07-09'),(2042,9,97,3,3111,'2020-09-01'),(2043,10,34,10,4762,'2020-03-29'),(2044,11,46,10,4157,'2020-08-02'),(2045,12,62,2,3677,'2020-06-27'),(2046,13,10,2,2368,'2020-12-04'),(2047,14,6,7,2030,'2020-04-12'),(2048,15,86,6,2543,'2020-01-29'),(2049,16,32,9,3483,'2020-08-28'),(2050,17,85,10,2126,'2020-01-08'),(2051,18,95,10,2128,'2020-02-28'),(2052,19,91,9,4263,'2020-01-16'),(2053,1,71,7,1352,'2020-07-17'),(2054,2,40,3,3240,'2020-03-26'),(2055,3,63,3,2535,'2020-05-18'),(2056,4,36,10,3292,'2020-08-02'),(2057,5,34,9,4762,'2020-02-21'),(2058,6,5,2,2822,'2020-08-09'),(2059,7,60,7,4748,'2020-06-12'),(2060,8,65,9,4024,'2020-06-24'),(2061,9,93,4,3879,'2020-03-20'),(2062,10,93,10,3879,'2020-09-16'),(2063,11,28,9,4301,'2020-04-24'),(2064,12,36,10,3292,'2020-10-01'),(2065,13,86,3,2543,'2020-11-27'),(2066,14,10,9,2368,'2020-02-07'),(2067,15,58,8,3441,'2020-06-18'),(2068,16,14,4,4985,'2020-12-24'),(2069,17,23,6,4784,'2020-08-21'),(2070,18,77,7,2515,'2020-08-03'),(2071,19,24,8,1916,'2020-12-01'),(2072,1,23,10,4784,'2020-08-16'),(2073,2,72,1,1843,'2020-02-02'),(2074,3,100,10,4082,'2020-11-28'),(2075,4,94,6,1306,'2020-03-21'),(2076,5,22,9,4826,'2020-11-27'),(2077,6,16,9,3235,'2020-12-08'),(2078,7,39,8,1044,'2020-04-24'),(2079,8,22,10,4826,'2020-11-23'),(2080,9,34,9,4762,'2020-03-09'),(2081,10,54,7,1451,'2020-12-09'),(2082,11,22,6,4826,'2020-04-25'),(2083,12,77,1,2515,'2020-01-18'),(2084,13,23,8,4784,'2020-11-18'),(2085,14,63,4,2535,'2020-01-30'),(2086,15,5,6,2822,'2020-09-27'),(2087,16,51,5,1280,'2020-03-14'),(2088,17,18,9,2070,'2020-05-22'),(2089,18,63,3,2535,'2020-06-23'),(2090,19,41,5,4666,'2020-11-23'),(2091,1,58,6,3441,'2020-03-29'),(2092,2,3,5,3977,'2020-02-22'),(2093,3,70,4,3228,'2020-06-26'),(2094,4,14,7,4985,'2020-05-20'),(2095,5,5,6,2822,'2020-03-07'),(2096,6,72,1,1843,'2020-07-03'),(2097,7,75,2,4605,'2020-07-09'),(2098,8,25,4,4751,'2020-11-26'),(2099,9,80,6,3145,'2020-01-13'),(2100,10,1,4,4304,'2020-06-29'),(2101,11,23,10,4784,'2020-01-15'),(2102,12,30,10,3525,'2020-10-12'),(2103,13,46,7,4157,'2020-05-28'),(2104,14,6,9,2030,'2020-02-07'),(2105,15,90,6,3752,'2020-11-22'),(2106,16,24,3,1916,'2020-08-20'),(2107,17,34,1,4762,'2020-02-14'),(2108,18,78,10,2387,'2020-10-16'),(2109,19,76,4,4646,'2020-02-01'),(2110,1,80,6,3145,'2020-07-13'),(2111,2,99,9,3479,'2020-05-30'),(2112,3,36,8,3292,'2020-04-24'),(2113,4,36,1,3292,'2020-08-31'),(2114,5,50,2,2945,'2020-09-04'),(2115,6,5,3,2822,'2020-11-04'),(2116,7,30,7,3525,'2020-05-15'),(2117,8,41,5,4666,'2020-05-18'),(2118,9,6,5,2030,'2020-08-29'),(2119,10,54,6,1451,'2020-07-11'),(2120,11,90,9,3752,'2020-11-23'),(2121,12,1,2,4304,'2020-06-20'),(2122,13,25,9,4751,'2020-10-12'),(2123,14,99,3,3479,'2020-11-17'),(2124,15,88,3,2409,'2020-10-16'),(2125,16,70,4,3228,'2020-05-07'),(2126,17,56,5,2000,'2020-10-06'),(2127,18,82,3,1841,'2020-02-17'),(2128,19,1,3,4304,'2020-01-06'),(2129,1,25,7,4751,'2020-10-18'),(2130,2,45,3,1907,'2020-10-24'),(2131,3,91,2,4263,'2020-03-14'),(2132,4,92,9,3204,'2020-01-19'),(2133,5,30,6,3525,'2020-01-27'),(2134,6,28,2,4301,'2020-09-08'),(2135,7,46,4,4157,'2020-12-28'),(2136,8,42,2,4482,'2020-06-21'),(2137,9,62,9,3677,'2020-03-16'),(2138,10,22,8,4826,'2020-01-20'),(2139,11,76,8,4646,'2020-07-16'),(2140,12,42,5,4482,'2020-01-15'),(2141,13,44,5,4914,'2020-02-21'),(2142,14,16,8,3235,'2020-06-14'),(2143,15,37,1,2808,'2020-11-16'),(2144,16,20,5,2452,'2020-04-14'),(2145,17,97,6,3111,'2020-03-02'),(2146,18,20,1,2452,'2020-03-15'),(2147,19,40,7,3240,'2020-02-08'),(2148,1,8,8,3705,'2020-11-23'),(2149,2,73,3,3338,'2020-07-11'),(2150,3,30,2,3525,'2020-04-19'),(2151,4,84,2,3378,'2020-11-09'),(2152,5,2,3,2276,'2020-03-18'),(2153,6,60,8,4748,'2020-03-24'),(2154,7,44,9,4914,'2020-04-02'),(2155,8,63,9,2535,'2020-05-07'),(2156,9,99,4,3479,'2020-08-23'),(2157,10,7,5,2926,'2020-02-14'),(2158,11,14,8,4985,'2020-06-29'),(2159,12,51,5,1280,'2020-03-24'),(2160,13,17,4,4359,'2020-01-07'),(2161,14,55,5,3500,'2020-12-08'),(2162,15,26,2,3546,'2020-11-27'),(2163,16,4,9,3394,'2020-01-31'),(2164,17,62,9,3677,'2020-08-14'),(2165,18,28,7,4301,'2020-05-31'),(2166,19,99,6,3479,'2020-02-05'),(2167,1,19,3,4586,'2020-07-10'),(2168,2,10,8,2368,'2020-07-19'),(2169,3,84,9,3378,'2020-11-23'),(2170,4,81,3,1073,'2020-03-15'),(2171,5,71,2,1352,'2020-03-15'),(2172,6,19,3,4586,'2020-10-12'),(2173,7,18,4,2070,'2020-01-01'),(2174,8,56,10,2000,'2020-07-12'),(2175,9,63,2,2535,'2020-06-27'),(2176,10,67,2,3913,'2020-06-05'),(2177,11,78,4,2387,'2020-03-23'),(2178,12,86,2,2543,'2020-01-06'),(2179,13,5,7,2822,'2020-05-31'),(2180,14,99,1,3479,'2020-02-20'),(2181,15,14,1,4985,'2020-01-09'),(2182,16,27,9,4931,'2020-09-19'),(2183,17,55,1,3500,'2020-02-14'),(2184,18,84,7,3378,'2020-11-02'),(2185,19,10,1,2368,'2020-12-25'),(2186,1,13,7,3381,'2020-03-17'),(2187,2,90,6,3752,'2020-03-14'),(2188,3,27,4,4931,'2020-06-20'),(2189,4,39,1,1044,'2020-04-13'),(2190,5,69,8,4043,'2020-10-22'),(2191,6,74,8,3315,'2020-01-08'),(2192,7,3,7,3977,'2020-10-30'),(2193,8,96,6,4329,'2020-09-16'),(2194,9,62,4,3677,'2020-11-19'),(2195,10,72,6,1843,'2020-02-16'),(2196,11,59,3,4645,'2020-11-09'),(2197,12,21,2,3287,'2020-04-25'),(2198,13,43,9,2783,'2020-10-12'),(2199,14,44,1,4914,'2020-03-30'),(2200,15,100,5,4082,'2020-12-26'),(2201,16,16,4,3235,'2020-03-28'),(2202,17,92,2,3204,'2020-08-19'),(2203,18,73,7,3338,'2020-02-02'),(2204,19,20,8,2452,'2020-08-08'),(2205,1,75,7,4605,'2020-07-08'),(2206,2,96,4,4329,'2020-11-20'),(2207,3,16,3,3235,'2020-04-05'),(2208,4,75,2,4605,'2020-07-23'),(2209,5,14,6,4985,'2020-09-08'),(2210,6,53,5,3978,'2020-03-04'),(2211,7,19,5,4586,'2020-09-29'),(2212,8,98,1,4675,'2020-05-11'),(2213,9,84,5,3378,'2020-08-15'),(2214,10,84,8,3378,'2020-10-21'),(2215,11,26,6,3546,'2020-06-25'),(2216,12,39,5,1044,'2020-05-04'),(2217,13,77,8,2515,'2020-05-19'),(2218,14,98,5,4675,'2020-05-30'),(2219,15,5,3,2822,'2020-09-24'),(2220,16,79,2,1704,'2020-07-09'),(2221,17,96,9,4329,'2020-09-11'),(2222,18,1,1,4304,'2020-05-17'),(2223,19,45,5,1907,'2020-01-12'),(2224,1,71,8,1352,'2020-05-06'),(2225,2,83,7,4074,'2020-09-16'),(2226,3,56,3,2000,'2020-01-08'),(2227,4,18,1,2070,'2020-06-25'),(2228,5,11,6,2702,'2020-10-01'),(2229,6,64,8,4360,'2020-01-12'),(2230,7,28,10,4301,'2020-07-03'),(2231,8,75,4,4605,'2020-01-17'),(2232,9,41,6,4666,'2020-08-16'),(2233,10,18,5,2070,'2020-03-22'),(2234,11,35,1,1320,'2020-06-04'),(2235,12,87,2,2222,'2020-10-13'),(2236,13,77,5,2515,'2020-09-11'),(2237,14,82,9,1841,'2020-10-03'),(2238,15,93,3,3879,'2020-11-16'),(2239,16,31,10,2627,'2020-05-19'),(2240,17,87,4,2222,'2020-11-26'),(2241,18,98,6,4675,'2020-03-20'),(2242,19,97,10,3111,'2020-05-22'),(2243,1,85,2,2126,'2020-11-20'),(2244,2,76,2,4646,'2020-04-05'),(2245,3,86,5,2543,'2020-05-07'),(2246,4,57,1,3413,'2020-08-29'),(2247,5,91,10,4263,'2020-01-16'),(2248,6,6,2,2030,'2020-11-08'),(2249,7,76,2,4646,'2020-06-24'),(2250,8,39,5,1044,'2020-10-03'),(2251,9,94,8,1306,'2020-09-26'),(2252,10,82,2,1841,'2020-08-02'),(2253,11,77,1,2515,'2020-11-17'),(2254,12,72,7,1843,'2020-04-25'),(2255,13,61,5,2063,'2020-05-28'),(2256,14,53,7,3978,'2020-03-30'),(2257,15,4,10,3394,'2020-11-10'),(2258,16,15,10,4598,'2020-09-10'),(2259,17,19,7,4586,'2020-06-03'),(2260,18,57,1,3413,'2020-06-20'),(2261,19,22,6,4826,'2020-09-08'),(2262,1,83,4,4074,'2020-04-19'),(2263,2,8,9,3705,'2020-07-24'),(2264,3,81,10,1073,'2020-07-15'),(2265,4,79,3,1704,'2020-10-23'),(2266,5,12,9,2854,'2020-02-15'),(2267,6,48,10,4274,'2020-10-11'),(2268,7,45,5,1907,'2020-08-13'),(2269,8,57,5,3413,'2020-02-18'),(2270,9,90,3,3752,'2020-01-11'),(2271,10,46,3,4157,'2020-04-30'),(2272,11,47,7,4841,'2020-04-17'),(2273,12,30,6,3525,'2020-01-20'),(2274,13,41,9,4666,'2020-12-13'),(2275,14,67,10,3913,'2020-07-30'),(2276,15,21,7,3287,'2020-12-03'),(2277,16,8,6,3705,'2020-02-06'),(2278,17,72,1,1843,'2020-02-03'),(2279,18,84,7,3378,'2020-11-07'),(2280,19,57,4,3413,'2020-05-08'),(2281,1,96,7,4329,'2020-06-19'),(2282,2,4,4,3394,'2020-01-21'),(2283,3,74,7,3315,'2020-02-12'),(2284,4,78,7,2387,'2020-09-09'),(2285,5,8,4,3705,'2020-11-01'),(2286,6,38,1,3881,'2020-08-02'),(2287,7,98,8,4675,'2020-08-01'),(2288,8,20,9,2452,'2020-02-08'),(2289,9,65,5,4024,'2020-03-22'),(2290,10,42,1,4482,'2020-09-11'),(2291,11,87,1,2222,'2020-12-21'),(2292,12,30,3,3525,'2020-01-09'),(2293,13,53,3,3978,'2020-12-02'),(2294,14,60,6,4748,'2020-02-09'),(2295,15,70,1,3228,'2020-01-31'),(2296,16,92,10,3204,'2020-11-08'),(2297,17,26,1,3546,'2020-09-03'),(2298,18,99,9,3479,'2020-02-25'),(2299,19,23,5,4784,'2020-04-19'),(2300,1,33,9,1266,'2020-08-01'),(2301,2,6,4,2030,'2020-10-27'),(2302,3,44,7,4914,'2020-08-09'),(2303,4,2,7,2276,'2020-06-10'),(2304,5,30,2,3525,'2020-12-22'),(2305,6,23,3,4784,'2020-07-03'),(2306,7,71,2,1352,'2020-09-23'),(2307,8,30,3,3525,'2020-02-18'),(2308,9,30,9,3525,'2020-05-25'),(2309,10,76,5,4646,'2020-06-13'),(2310,11,78,8,2387,'2020-04-19'),(2311,12,20,8,2452,'2020-02-24'),(2312,13,66,7,3699,'2020-06-04'),(2313,14,24,3,1916,'2020-04-25'),(2314,15,22,1,4826,'2020-08-07'),(2315,16,53,9,3978,'2020-09-15'),(2316,17,60,9,4748,'2020-02-19'),(2317,18,3,10,3977,'2020-10-18'),(2318,19,44,2,4914,'2020-06-19'),(2319,1,22,10,4826,'2020-10-17'),(2320,2,19,10,4586,'2020-01-07'),(2321,3,74,1,3315,'2020-12-16'),(2322,4,73,8,3338,'2020-06-26'),(2323,5,45,10,1907,'2020-11-29'),(2324,6,34,5,4762,'2020-01-21'),(2325,7,20,7,2452,'2020-04-13'),(2326,8,77,9,2515,'2020-07-14'),(2327,9,27,8,4931,'2020-02-22'),(2328,10,73,5,3338,'2020-02-22'),(2329,11,91,9,4263,'2020-10-06'),(2330,12,64,9,4360,'2020-01-27'),(2331,13,59,1,4645,'2020-09-27'),(2332,14,57,6,3413,'2020-11-27'),(2333,15,23,10,4784,'2020-07-04'),(2334,16,75,5,4605,'2020-08-21'),(2335,17,95,1,2128,'2020-03-13'),(2336,18,27,3,4931,'2020-10-22'),(2337,19,56,8,2000,'2020-02-23'),(2338,1,38,7,3881,'2020-04-29'),(2339,2,20,1,2452,'2020-10-07'),(2340,3,89,2,4854,'2020-07-29'),(2341,4,2,1,2276,'2020-10-17'),(2342,5,37,3,2808,'2020-10-28'),(2343,6,12,4,2854,'2020-12-27'),(2344,7,1,10,4304,'2020-03-03'),(2345,8,89,8,4854,'2020-01-02'),(2346,9,3,1,3977,'2020-10-03'),(2347,10,6,7,2030,'2020-09-06'),(2348,11,41,9,4666,'2020-01-12'),(2349,12,68,7,4116,'2020-04-11'),(2350,13,31,8,2627,'2020-07-01'),(2351,14,21,7,3287,'2020-08-28'),(2352,15,94,2,1306,'2020-12-22'),(2353,16,2,7,2276,'2020-03-07'),(2354,17,16,7,3235,'2020-11-19'),(2355,18,14,4,4985,'2020-07-24'),(2356,19,37,8,2808,'2020-04-10'),(2357,1,37,4,2808,'2020-02-18'),(2358,2,35,5,1320,'2020-12-11'),(2359,3,14,2,4985,'2020-06-21'),(2360,4,59,8,4645,'2020-07-24'),(2361,5,33,9,1266,'2020-12-09'),(2362,6,89,6,4854,'2020-09-15'),(2363,7,14,7,4985,'2020-04-15'),(2364,8,66,7,3699,'2020-06-30'),(2365,9,83,4,4074,'2020-11-30'),(2366,10,16,7,3235,'2020-07-30'),(2367,11,81,3,1073,'2020-02-23'),(2368,12,8,10,3705,'2020-11-11'),(2369,13,48,7,4274,'2020-04-05'),(2370,14,25,2,4751,'2020-11-14'),(2371,15,50,9,2945,'2020-03-22'),(2372,16,92,10,3204,'2020-07-08'),(2373,17,100,3,4082,'2020-11-24'),(2374,18,30,9,3525,'2020-10-16'),(2375,19,36,9,3292,'2020-11-08'),(2376,1,89,6,4854,'2020-01-18'),(2377,2,24,6,1916,'2020-07-08'),(2378,3,24,5,1916,'2020-09-28'),(2379,4,1,7,4304,'2020-02-01'),(2380,5,72,9,1843,'2020-05-27'),(2381,6,48,4,4274,'2020-11-03'),(2382,7,73,4,3338,'2020-02-13'),(2383,8,72,7,1843,'2020-04-01'),(2384,9,69,8,4043,'2020-05-11'),(2385,10,85,10,2126,'2020-07-31'),(2386,11,1,4,4304,'2020-06-17'),(2387,12,61,4,2063,'2020-09-21'),(2388,13,85,3,2126,'2020-12-31'),(2389,14,55,5,3500,'2020-07-11'),(2390,15,77,9,2515,'2020-08-28'),(2391,16,82,6,1841,'2020-09-20'),(2392,17,78,5,2387,'2020-10-30'),(2393,18,32,2,3483,'2020-12-22'),(2394,19,49,4,1107,'2020-11-27'),(2395,1,88,6,2409,'2020-04-09'),(2396,2,14,5,4985,'2020-01-14'),(2397,3,99,10,3479,'2020-06-20'),(2398,4,88,7,2409,'2020-04-24'),(2399,5,53,7,3978,'2020-11-22'),(2400,6,73,4,3338,'2020-06-09'),(2401,7,94,6,1306,'2020-04-12'),(2402,8,55,1,3500,'2020-11-09'),(2403,9,45,9,1907,'2020-02-23'),(2404,10,46,3,4157,'2020-11-14'),(2405,11,73,1,3338,'2020-09-23'),(2406,12,39,1,1044,'2020-06-16'),(2407,13,17,6,4359,'2020-12-21'),(2408,14,50,8,2945,'2020-07-21'),(2409,15,21,9,3287,'2020-06-07'),(2410,16,48,2,4274,'2020-05-06'),(2411,17,27,10,4931,'2020-09-05'),(2412,18,32,2,3483,'2020-03-05'),(2413,19,49,3,1107,'2020-04-14'),(2414,1,26,10,3546,'2020-10-24'),(2415,2,80,4,3145,'2020-08-22'),(2416,3,41,6,4666,'2020-03-09'),(2417,4,25,7,4751,'2020-12-21'),(2418,5,50,6,2945,'2020-05-31'),(2419,6,32,9,3483,'2020-04-30'),(2420,7,67,7,3913,'2020-03-06'),(2421,8,52,10,3570,'2020-12-19'),(2422,9,15,2,4598,'2020-01-29'),(2423,10,7,8,2926,'2020-08-03'),(2424,11,98,8,4675,'2020-08-11'),(2425,12,35,9,1320,'2020-07-30'),(2426,13,76,4,4646,'2020-07-18'),(2427,14,81,7,1073,'2020-02-12'),(2428,15,93,8,3879,'2020-12-28'),(2429,16,100,6,4082,'2020-06-27'),(2430,17,56,7,2000,'2020-09-24'),(2431,18,85,6,2126,'2020-02-18'),(2432,19,5,2,2822,'2020-01-15'),(2433,1,68,6,4116,'2020-06-28'),(2434,2,17,5,4359,'2020-08-12'),(2435,3,92,5,3204,'2020-06-17'),(2436,4,45,10,1907,'2020-07-31'),(2437,5,15,10,4598,'2020-01-11'),(2438,6,99,6,3479,'2020-11-09'),(2439,7,44,10,4914,'2020-07-10'),(2440,8,88,5,2409,'2020-05-24'),(2441,9,18,5,2070,'2020-09-17'),(2442,10,88,6,2409,'2020-07-16'),(2443,11,69,7,4043,'2020-06-23'),(2444,12,73,10,3338,'2020-05-09'),(2445,13,2,1,2276,'2020-08-02'),(2446,14,86,1,2543,'2020-12-17'),(2447,15,97,9,3111,'2020-07-20'),(2448,16,49,1,1107,'2020-02-14'),(2449,17,62,8,3677,'2020-12-25'),(2450,18,55,1,3500,'2020-09-15'),(2451,19,25,8,4751,'2020-10-31'),(2452,1,11,8,2702,'2020-04-24'),(2453,2,34,1,4762,'2020-12-16'),(2454,3,55,8,3500,'2020-06-04'),(2455,4,7,3,2926,'2020-08-09'),(2456,5,54,1,1451,'2020-09-24'),(2457,6,63,6,2535,'2020-09-23'),(2458,7,65,4,4024,'2020-09-20'),(2459,8,34,4,4762,'2020-05-02'),(2460,9,76,9,4646,'2020-12-26'),(2461,10,46,10,4157,'2020-05-07'),(2462,11,86,3,2543,'2020-10-10'),(2463,12,10,9,2368,'2020-08-08'),(2464,13,12,6,2854,'2020-12-10'),(2465,14,79,9,1704,'2020-11-17'),(2466,15,78,4,2387,'2020-12-17'),(2467,16,20,2,2452,'2020-09-19'),(2468,17,37,3,2808,'2020-04-12'),(2469,18,46,3,4157,'2020-03-02'),(2470,19,44,1,4914,'2020-11-20'),(2471,1,27,9,4931,'2020-04-07'),(2472,2,71,10,1352,'2020-02-24'),(2473,3,51,10,1280,'2020-01-17'),(2474,4,6,8,2030,'2020-12-14'),(2475,5,37,8,2808,'2020-03-28'),(2476,6,45,7,1907,'2020-06-08'),(2477,7,66,3,3699,'2020-06-27'),(2478,8,10,9,2368,'2020-08-18'),(2479,9,19,6,4586,'2020-03-20'),(2480,10,30,3,3525,'2020-11-06'),(2481,11,2,4,2276,'2020-07-30'),(2482,12,63,4,2535,'2020-10-18'),(2483,13,99,1,3479,'2020-03-29'),(2484,14,17,8,4359,'2020-05-01'),(2485,15,9,8,2763,'2020-11-01'),(2486,16,21,10,3287,'2020-10-03'),(2487,17,62,1,3677,'2020-11-03'),(2488,18,18,4,2070,'2020-09-30'),(2489,19,1,2,4304,'2020-02-10'),(2490,1,1,10,4304,'2020-02-04'),(2491,2,21,6,3287,'2020-10-10'),(2492,3,2,8,2276,'2020-07-11'),(2493,4,61,4,2063,'2020-11-23'),(2494,5,25,6,4751,'2020-03-30'),(2495,6,36,5,3292,'2020-01-14'),(2496,7,63,9,2535,'2020-11-19'),(2497,8,47,1,4841,'2020-07-16'),(2498,9,38,9,3881,'2020-10-23'),(2499,10,50,10,2945,'2020-03-10'),(2500,11,5,3,2822,'2020-06-08'),(2501,12,3,10,3977,'2020-08-24'),(2502,13,39,10,1044,'2020-08-28'),(2503,14,94,4,1306,'2020-12-13'),(2504,15,67,8,3913,'2020-10-14'),(2505,16,11,3,2702,'2020-07-25'),(2506,17,69,5,4043,'2020-06-04'),(2507,18,20,6,2452,'2020-11-15'),(2508,19,80,5,3145,'2020-12-05'),(2509,1,11,7,2702,'2020-11-09'),(2510,2,27,3,4931,'2020-10-02'),(2511,3,22,1,4826,'2020-10-28'),(2512,4,44,4,4914,'2020-05-25'),(2513,5,96,10,4329,'2020-12-24'),(2514,6,37,3,2808,'2020-01-28'),(2515,7,46,2,4157,'2020-10-24'),(2516,8,65,5,4024,'2020-04-02'),(2517,9,55,9,3500,'2020-04-02'),(2518,10,81,6,1073,'2020-10-17'),(2519,11,79,9,1704,'2020-06-04'),(2520,12,84,1,3378,'2020-07-03'),(2521,13,13,9,3381,'2020-08-26'),(2522,14,71,3,1352,'2020-07-01'),(2523,15,46,10,4157,'2020-03-12'),(2524,16,30,2,3525,'2020-02-26'),(2525,17,24,1,1916,'2020-03-10'),(2526,18,93,6,3879,'2020-10-03'),(2527,19,33,7,1266,'2020-02-08'),(2528,1,6,2,2030,'2020-04-21'),(2529,2,44,3,4914,'2020-01-31'),(2530,3,31,7,2627,'2020-03-22'),(2531,4,22,1,4826,'2020-12-07'),(2532,5,28,8,4301,'2020-04-05'),(2533,6,63,9,2535,'2020-06-11'),(2534,7,36,9,3292,'2020-08-19'),(2535,8,6,6,2030,'2020-01-20'),(2536,9,13,6,3381,'2020-02-01'),(2537,10,53,1,3978,'2020-02-12'),(2538,11,50,10,2945,'2020-10-18'),(2539,12,69,3,4043,'2020-07-30'),(2540,13,62,7,3677,'2020-03-07'),(2541,14,15,10,4598,'2020-12-04'),(2542,15,26,7,3546,'2020-12-07'),(2543,16,16,9,3235,'2020-11-03'),(2544,17,9,4,2763,'2020-07-12'),(2545,18,53,1,3978,'2020-03-05'),(2546,19,38,6,3881,'2020-03-29'),(2547,1,76,7,4646,'2020-01-10'),(2548,2,1,6,4304,'2020-11-26'),(2549,3,25,4,4751,'2020-10-27'),(2550,4,51,10,1280,'2020-06-04'),(2551,5,74,7,3315,'2020-10-31'),(2552,6,72,9,1843,'2020-06-21'),(2553,7,25,3,4751,'2020-02-09'),(2554,8,31,2,2627,'2020-09-16'),(2555,9,66,7,3699,'2020-08-09'),(2556,10,25,6,4751,'2020-04-09'),(2557,11,31,10,2627,'2020-03-20'),(2558,12,25,6,4751,'2020-05-22'),(2559,13,93,4,3879,'2020-06-09'),(2560,14,48,1,4274,'2020-07-08'),(2561,15,25,1,4751,'2020-12-12'),(2562,16,14,4,4985,'2020-09-29'),(2563,17,71,3,1352,'2020-03-05'),(2564,18,49,2,1107,'2020-06-30'),(2565,19,36,6,3292,'2020-08-27'),(2566,1,96,3,4329,'2020-02-03'),(2567,2,57,6,3413,'2020-11-05'),(2568,3,9,1,2763,'2020-01-04'),(2569,4,93,8,3879,'2020-05-16'),(2570,5,71,3,1352,'2020-08-26'),(2571,6,12,7,2854,'2020-09-16'),(2572,7,47,9,4841,'2020-03-07'),(2573,8,43,7,2783,'2020-06-13'),(2574,9,28,7,4301,'2020-08-26'),(2575,10,40,6,3240,'2020-05-27'),(2576,11,15,1,4598,'2020-06-19'),(2577,12,47,4,4841,'2020-06-22'),(2578,13,8,8,3705,'2020-09-23'),(2579,14,64,2,4360,'2020-05-27'),(2580,15,78,8,2387,'2020-03-13'),(2581,16,78,2,2387,'2020-10-26'),(2582,17,66,2,3699,'2020-06-25'),(2583,18,71,9,1352,'2020-03-14'),(2584,19,19,9,4586,'2020-01-06'),(2585,1,12,1,2854,'2020-10-02'),(2586,2,6,6,2030,'2020-01-11'),(2587,3,100,2,4082,'2020-05-13'),(2588,4,93,2,3879,'2020-03-30'),(2589,5,40,6,3240,'2020-08-18'),(2590,6,18,7,2070,'2020-05-21'),(2591,7,34,6,4762,'2020-02-26'),(2592,8,62,2,3677,'2020-05-12'),(2593,9,48,6,4274,'2020-09-07'),(2594,10,78,6,2387,'2020-09-24'),(2595,11,61,6,2063,'2020-12-09'),(2596,12,88,6,2409,'2020-06-14'),(2597,13,56,8,2000,'2020-01-27'),(2598,14,56,5,2000,'2020-05-10'),(2599,15,95,3,2128,'2020-08-24'),(2600,16,36,2,3292,'2020-10-20'),(2601,17,56,8,2000,'2020-02-13'),(2602,18,53,3,3978,'2020-09-24'),(2603,19,80,1,3145,'2020-07-20'),(2604,1,41,2,4666,'2020-01-21'),(2605,2,4,9,3394,'2020-12-02'),(2606,3,97,5,3111,'2020-10-24'),(2607,4,49,1,1107,'2020-08-04'),(2608,5,23,5,4784,'2020-10-22'),(2609,6,56,2,2000,'2020-06-17'),(2610,7,57,8,3413,'2020-01-29'),(2611,8,84,1,3378,'2020-07-22'),(2612,9,44,9,4914,'2020-08-22'),(2613,10,94,8,1306,'2020-08-19'),(2614,11,37,2,2808,'2020-04-07'),(2615,12,21,7,3287,'2020-09-28'),(2616,13,17,6,4359,'2020-09-01'),(2617,14,53,8,3978,'2020-03-15'),(2618,15,39,4,1044,'2020-03-05'),(2619,16,93,6,3879,'2020-02-29'),(2620,17,34,2,4762,'2020-08-23'),(2621,18,24,6,1916,'2020-04-25'),(2622,19,36,8,3292,'2020-12-20'),(2623,1,22,6,4826,'2020-06-23'),(2624,2,44,2,4914,'2020-10-07'),(2625,3,59,8,4645,'2020-07-18'),(2626,4,59,7,4645,'2020-09-25'),(2627,5,52,6,3570,'2020-08-19'),(2628,6,96,8,4329,'2020-02-24'),(2629,7,96,4,4329,'2020-02-19'),(2630,8,27,4,4931,'2020-04-01'),(2631,9,80,8,3145,'2020-04-18'),(2632,10,100,2,4082,'2020-07-08'),(2633,11,30,6,3525,'2020-03-09'),(2634,12,39,1,1044,'2020-05-11'),(2635,13,28,3,4301,'2020-12-28'),(2636,14,10,7,2368,'2020-10-31'),(2637,15,98,5,4675,'2020-12-17'),(2638,16,36,8,3292,'2020-03-06'),(2639,17,33,6,1266,'2020-08-19'),(2640,18,12,2,2854,'2020-04-29'),(2641,19,37,5,2808,'2020-06-21'),(2642,1,28,4,4301,'2020-03-05'),(2643,2,66,6,3699,'2020-12-31'),(2644,3,59,3,4645,'2020-03-13'),(2645,4,74,4,3315,'2020-09-18'),(2646,5,20,10,2452,'2020-09-26'),(2647,6,70,1,3228,'2020-10-30'),(2648,7,59,5,4645,'2020-12-22'),(2649,8,48,10,4274,'2020-03-14'),(2650,9,95,3,2128,'2020-02-18'),(2651,10,48,3,4274,'2020-10-05'),(2652,11,64,1,4360,'2020-06-26'),(2653,12,53,2,3978,'2020-02-17'),(2654,13,10,1,2368,'2020-01-17'),(2655,14,40,2,3240,'2020-01-15'),(2656,15,73,7,3338,'2020-06-03'),(2657,16,85,7,2126,'2020-11-09'),(2658,17,99,2,3479,'2020-03-28'),(2659,18,79,5,1704,'2020-03-26'),(2660,19,42,2,4482,'2020-06-22'),(2661,1,78,9,2387,'2020-01-16'),(2662,2,58,10,3441,'2020-05-17'),(2663,3,1,2,4304,'2020-07-27'),(2664,4,81,10,1073,'2020-06-12'),(2665,5,86,2,2543,'2020-01-05'),(2666,6,33,7,1266,'2020-11-14'),(2667,7,23,1,4784,'2020-02-20'),(2668,8,47,7,4841,'2020-10-15'),(2669,9,12,9,2854,'2020-02-19'),(2670,10,22,10,4826,'2020-02-06'),(2671,11,1,7,4304,'2020-10-12'),(2672,12,65,1,4024,'2020-03-07'),(2673,13,19,10,4586,'2020-10-06'),(2674,14,27,3,4931,'2020-09-14'),(2675,15,91,1,4263,'2020-09-29'),(2676,16,84,9,3378,'2020-11-21'),(2677,17,61,7,2063,'2020-03-26'),(2678,18,7,7,2926,'2020-05-21'),(2679,19,42,5,4482,'2020-02-24'),(2680,1,81,3,1073,'2020-07-09'),(2681,2,59,9,4645,'2020-04-15'),(2682,3,55,3,3500,'2020-02-03'),(2683,4,79,10,1704,'2020-11-27'),(2684,5,82,1,1841,'2020-10-07'),(2685,6,74,10,3315,'2020-06-22'),(2686,7,62,4,3677,'2020-05-10'),(2687,8,20,9,2452,'2020-03-07'),(2688,9,73,4,3338,'2020-02-03'),(2689,10,11,1,2702,'2020-03-24'),(2690,11,31,7,2627,'2020-04-21'),(2691,12,57,5,3413,'2020-03-20'),(2692,13,7,10,2926,'2020-10-28'),(2693,14,12,3,2854,'2020-01-18'),(2694,15,61,7,2063,'2020-08-19'),(2695,16,7,3,2926,'2020-08-30'),(2696,17,13,7,3381,'2020-12-01'),(2697,18,40,6,3240,'2020-07-22'),(2698,19,49,2,1107,'2020-10-22'),(2699,1,94,2,1306,'2020-11-01'),(2700,2,65,7,4024,'2020-09-23'),(2701,3,55,6,3500,'2020-01-29'),(2702,4,32,9,3483,'2020-10-27'),(2703,5,6,5,2030,'2020-01-19'),(2704,6,2,5,2276,'2020-07-04'),(2705,7,34,9,4762,'2020-09-05'),(2706,8,59,4,4645,'2020-03-18'),(2707,9,46,3,4157,'2020-10-16'),(2708,10,6,3,2030,'2020-07-04'),(2709,11,100,8,4082,'2020-03-20'),(2710,12,25,4,4751,'2020-06-09'),(2711,13,47,8,4841,'2020-03-22'),(2712,14,24,3,1916,'2020-05-09'),(2713,15,83,6,4074,'2020-09-05'),(2714,16,2,8,2276,'2020-03-28'),(2715,17,7,7,2926,'2020-05-26'),(2716,18,13,2,3381,'2020-01-27'),(2717,19,64,3,4360,'2020-05-09'),(2718,1,20,10,2452,'2020-06-12'),(2719,2,15,9,4598,'2020-01-05'),(2720,3,85,10,2126,'2020-07-20'),(2721,4,38,1,3881,'2020-07-31'),(2722,5,45,10,1907,'2020-03-14'),(2723,6,71,6,1352,'2020-07-06'),(2724,7,2,4,2276,'2020-12-28'),(2725,8,41,6,4666,'2020-11-24'),(2726,9,37,7,2808,'2020-06-29'),(2727,10,45,6,1907,'2020-08-16'),(2728,11,72,5,1843,'2020-07-05'),(2729,12,96,10,4329,'2020-03-30'),(2730,13,89,1,4854,'2020-10-20'),(2731,14,43,5,2783,'2020-11-27'),(2732,15,40,8,3240,'2020-04-15'),(2733,16,22,1,4826,'2020-12-18'),(2734,17,2,10,2276,'2020-06-11'),(2735,18,18,6,2070,'2020-03-27'),(2736,19,37,6,2808,'2020-07-03'),(2737,1,97,8,3111,'2020-01-14'),(2738,2,18,6,2070,'2020-06-18'),(2739,3,51,8,1280,'2020-12-22'),(2740,4,14,3,4985,'2020-04-19'),(2741,5,23,8,4784,'2020-04-22'),(2742,6,57,9,3413,'2020-03-18'),(2743,7,46,1,4157,'2020-09-11'),(2744,8,17,6,4359,'2020-11-01'),(2745,9,44,5,4914,'2020-04-21'),(2746,10,66,4,3699,'2020-04-23'),(2747,11,30,9,3525,'2020-04-30'),(2748,12,77,1,2515,'2020-05-20'),(2749,13,20,7,2452,'2020-02-08'),(2750,14,39,1,1044,'2020-10-09'),(2751,15,12,10,2854,'2020-10-12'),(2752,16,52,2,3570,'2020-10-01'),(2753,17,61,10,2063,'2020-07-25'),(2754,18,32,9,3483,'2020-03-05'),(2755,19,96,6,4329,'2020-06-06'),(2756,1,27,4,4931,'2020-09-02'),(2757,2,85,4,2126,'2020-06-26'),(2758,3,30,1,3525,'2020-01-20'),(2759,4,35,2,1320,'2020-02-14'),(2760,5,72,7,1843,'2020-11-03'),(2761,6,46,2,4157,'2020-12-09'),(2762,7,10,5,2368,'2020-10-01'),(2763,8,82,3,1841,'2020-01-08'),(2764,9,31,2,2627,'2020-06-01'),(2765,10,9,10,2763,'2020-02-20'),(2766,11,36,7,3292,'2020-05-08'),(2767,12,40,5,3240,'2020-03-14'),(2768,13,20,7,2452,'2020-04-28'),(2769,14,8,7,3705,'2020-09-11'),(2770,15,45,6,1907,'2020-12-27'),(2771,16,7,9,2926,'2020-06-21'),(2772,17,58,7,3441,'2020-11-23'),(2773,18,68,1,4116,'2020-08-25'),(2774,19,23,4,4784,'2020-08-27'),(2775,1,13,4,3381,'2020-06-07'),(2776,2,21,4,3287,'2020-07-22'),(2777,3,18,3,2070,'2020-07-30'),(2778,4,4,3,3394,'2020-07-09'),(2779,5,38,6,3881,'2020-04-28'),(2780,6,65,6,4024,'2020-11-29'),(2781,7,50,2,2945,'2020-10-30'),(2782,8,93,9,3879,'2020-07-19'),(2783,9,60,7,4748,'2020-06-28'),(2784,10,68,4,4116,'2020-06-03'),(2785,11,69,1,4043,'2020-05-03'),(2786,12,32,1,3483,'2020-02-20'),(2787,13,4,7,3394,'2020-04-16'),(2788,14,9,8,2763,'2020-11-26'),(2789,15,28,4,4301,'2020-03-24'),(2790,16,97,10,3111,'2020-05-10'),(2791,17,62,3,3677,'2020-01-12'),(2792,18,90,10,3752,'2020-05-10'),(2793,19,24,1,1916,'2020-11-28'),(2794,1,41,3,4666,'2020-06-16'),(2795,2,83,9,4074,'2020-09-19'),(2796,3,85,6,2126,'2020-12-21'),(2797,4,90,3,3752,'2020-05-19'),(2798,5,57,5,3413,'2020-03-27'),(2799,6,44,5,4914,'2020-12-25'),(2800,7,51,7,1280,'2020-02-07'),(2801,8,78,4,2387,'2020-12-30'),(2802,9,39,7,1044,'2020-08-08'),(2803,10,86,4,2543,'2020-02-17'),(2804,11,1,9,4304,'2020-01-05'),(2805,12,59,1,4645,'2020-12-19'),(2806,13,50,2,2945,'2020-03-12'),(2807,14,68,6,4116,'2020-11-17'),(2808,15,46,3,4157,'2020-10-25'),(2809,16,43,9,2783,'2020-09-25'),(2810,17,36,1,3292,'2020-06-02'),(2811,18,11,9,2702,'2020-05-27'),(2812,19,98,1,4675,'2020-12-27'),(2813,1,30,6,3525,'2020-06-30'),(2814,2,21,7,3287,'2020-07-12'),(2815,3,8,6,3705,'2020-12-02'),(2816,4,14,6,4985,'2020-10-13'),(2817,5,55,5,3500,'2020-04-10'),(2818,6,89,6,4854,'2020-02-20'),(2819,7,67,10,3913,'2020-09-28'),(2820,8,22,4,4826,'2020-07-08'),(2821,9,60,4,4748,'2020-03-12'),(2822,10,13,5,3381,'2020-05-12'),(2823,11,56,5,2000,'2020-10-27'),(2824,12,21,8,3287,'2020-11-11'),(2825,13,46,5,4157,'2020-03-22'),(2826,14,67,7,3913,'2020-12-23'),(2827,15,45,3,1907,'2020-01-25'),(2828,16,54,9,1451,'2020-10-26'),(2829,17,25,1,4751,'2020-07-20'),(2830,18,46,9,4157,'2020-01-20'),(2831,19,72,7,1843,'2020-12-16'),(2832,1,49,4,1107,'2020-07-13'),(2833,2,6,5,2030,'2020-11-29'),(2834,3,35,5,1320,'2020-11-18'),(2835,4,47,3,4841,'2020-01-22'),(2836,5,8,7,3705,'2020-07-02'),(2837,6,8,4,3705,'2020-02-29'),(2838,7,70,8,3228,'2020-08-09'),(2839,8,6,10,2030,'2020-11-13'),(2840,9,70,6,3228,'2020-11-19'),(2841,10,82,5,1841,'2020-07-23'),(2842,11,34,3,4762,'2020-02-22'),(2843,12,5,5,2822,'2020-12-16'),(2844,13,57,8,3413,'2020-09-20'),(2845,14,12,4,2854,'2020-04-28'),(2846,15,83,7,4074,'2020-08-30'),(2847,16,37,7,2808,'2020-09-10'),(2848,17,83,6,4074,'2020-08-03'),(2849,18,81,3,1073,'2020-07-04'),(2850,19,23,10,4784,'2020-07-08'),(2851,1,37,2,2808,'2020-07-25'),(2852,2,14,2,4985,'2020-11-13'),(2853,3,59,2,4645,'2020-04-14'),(2854,4,8,4,3705,'2020-08-24'),(2855,5,100,4,4082,'2020-05-27'),(2856,6,93,6,3879,'2020-12-04'),(2857,7,74,1,3315,'2020-06-16'),(2858,8,59,9,4645,'2020-04-01'),(2859,9,24,9,1916,'2020-10-05'),(2860,10,97,2,3111,'2020-12-19'),(2861,11,89,5,4854,'2020-02-22'),(2862,12,90,10,3752,'2020-10-18'),(2863,13,20,5,2452,'2020-03-14'),(2864,14,22,6,4826,'2020-07-14'),(2865,15,19,9,4586,'2020-02-28'),(2866,16,54,8,1451,'2020-08-20'),(2867,17,32,6,3483,'2020-06-10'),(2868,18,16,7,3235,'2020-01-01'),(2869,19,36,7,3292,'2020-12-22'),(2870,1,86,5,2543,'2020-11-03'),(2871,2,54,5,1451,'2020-12-21'),(2872,3,39,1,1044,'2020-05-13'),(2873,4,27,1,4931,'2020-05-18'),(2874,5,22,3,4826,'2020-09-16'),(2875,6,70,6,3228,'2020-03-29'),(2876,7,6,5,2030,'2020-08-23'),(2877,8,8,2,3705,'2020-03-20'),(2878,9,87,10,2222,'2020-10-05'),(2879,10,42,9,4482,'2020-09-28'),(2880,11,12,7,2854,'2020-08-24'),(2881,12,16,1,3235,'2020-07-29'),(2882,13,29,8,1068,'2020-05-06'),(2883,14,50,7,2945,'2020-06-24'),(2884,15,42,9,4482,'2020-07-17'),(2885,16,94,3,1306,'2020-03-29'),(2886,17,7,10,2926,'2020-10-30'),(2887,18,54,6,1451,'2020-07-04'),(2888,19,55,7,3500,'2020-03-18'),(2889,1,22,5,4826,'2020-12-04'),(2890,2,96,8,4329,'2020-02-29'),(2891,3,70,7,3228,'2020-08-30'),(2892,4,11,4,2702,'2020-03-03'),(2893,5,58,4,3441,'2020-07-16'),(2894,6,92,5,3204,'2020-10-31'),(2895,7,50,3,2945,'2020-12-07'),(2896,8,37,3,2808,'2020-01-21'),(2897,9,22,6,4826,'2020-09-03'),(2898,10,76,6,4646,'2020-12-21'),(2899,11,66,9,3699,'2020-07-21'),(2900,12,48,2,4274,'2020-04-09'),(2901,13,83,5,4074,'2020-04-04'),(2902,14,8,2,3705,'2020-10-24'),(2903,15,48,3,4274,'2020-07-17'),(2904,16,18,9,2070,'2020-02-20'),(2905,17,58,10,3441,'2020-05-24'),(2906,18,83,7,4074,'2020-06-28'),(2907,19,14,5,4985,'2020-04-30'),(2908,1,28,2,4301,'2020-01-12'),(2909,2,5,10,2822,'2020-04-09'),(2910,3,9,2,2763,'2020-02-07'),(2911,4,27,8,4931,'2020-01-21'),(2912,5,30,7,3525,'2020-08-18'),(2913,6,18,10,2070,'2020-10-27'),(2914,7,47,3,4841,'2020-12-26'),(2915,8,4,7,3394,'2020-11-16'),(2916,9,96,6,4329,'2020-05-26'),(2917,10,54,8,1451,'2020-06-14'),(2918,11,88,8,2409,'2020-11-08'),(2919,12,17,5,4359,'2020-09-15'),(2920,13,90,4,3752,'2020-06-24'),(2921,14,31,10,2627,'2020-12-05'),(2922,15,25,3,4751,'2020-06-04'),(2923,16,92,2,3204,'2020-09-13'),(2924,17,40,9,3240,'2020-09-12'),(2925,18,84,2,3378,'2020-06-01'),(2926,19,30,7,3525,'2020-02-12'),(2927,1,30,4,3525,'2020-03-31'),(2928,2,31,2,2627,'2020-02-02'),(2929,3,21,4,3287,'2020-04-17'),(2930,4,41,1,4666,'2020-06-02'),(2931,5,52,10,3570,'2020-07-05'),(2932,6,22,4,4826,'2020-05-10'),(2933,7,64,3,4360,'2020-02-20'),(2934,8,50,5,2945,'2020-06-29'),(2935,9,72,3,1843,'2020-09-26'),(2936,10,95,1,2128,'2020-12-17'),(2937,11,90,5,3752,'2020-03-31'),(2938,12,3,1,3977,'2020-09-24'),(2939,13,75,6,4605,'2020-07-07'),(2940,14,50,4,2945,'2020-08-09'),(2941,15,82,8,1841,'2020-05-30'),(2942,16,65,9,4024,'2020-03-15'),(2943,17,84,3,3378,'2020-11-16'),(2944,18,84,8,3378,'2020-11-24'),(2945,19,9,7,2763,'2020-11-05'),(2946,1,48,3,4274,'2020-08-16'),(2947,2,32,7,3483,'2020-01-15'),(2948,3,3,4,3977,'2020-12-04'),(2949,4,32,1,3483,'2020-04-06'),(2950,5,30,3,3525,'2020-12-20'),(2951,6,59,2,4645,'2020-10-11'),(2952,7,62,7,3677,'2020-07-01'),(2953,8,63,10,2535,'2020-11-13'),(2954,9,20,4,2452,'2020-11-02'),(2955,10,95,1,2128,'2020-04-05'),(2956,11,51,4,1280,'2020-07-16'),(2957,12,94,3,1306,'2020-07-19'),(2958,13,92,1,3204,'2020-08-11'),(2959,14,78,5,2387,'2020-05-26'),(2960,15,98,10,4675,'2020-06-21'),(2961,16,93,2,3879,'2020-09-30'),(2962,17,65,2,4024,'2020-05-17'),(2963,18,3,7,3977,'2020-10-01'),(2964,19,31,7,2627,'2020-06-12'),(2965,1,29,7,1068,'2020-01-14'),(2966,2,23,9,4784,'2020-05-17'),(2967,3,53,9,3978,'2020-05-19'),(2968,4,14,1,4985,'2020-05-26'),(2969,5,57,6,3413,'2020-02-04'),(2970,6,68,1,4116,'2020-03-23'),(2971,7,40,5,3240,'2020-07-28'),(2972,8,65,4,4024,'2020-02-02'),(2973,9,76,3,4646,'2020-10-31'),(2974,10,66,9,3699,'2020-02-29'),(2975,11,34,5,4762,'2020-08-10'),(2976,12,82,3,1841,'2020-09-10'),(2977,13,58,5,3441,'2020-03-15'),(2978,14,45,7,1907,'2020-12-10'),(2979,15,24,4,1916,'2020-04-12'),(2980,16,46,2,4157,'2020-05-28'),(2981,17,48,9,4274,'2020-01-24'),(2982,18,25,8,4751,'2020-01-27'),(2983,19,17,1,4359,'2020-07-31'),(2984,1,95,10,2128,'2020-12-27'),(2985,2,7,4,2926,'2020-07-16'),(2986,3,30,4,3525,'2020-05-15'),(2987,4,52,2,3570,'2020-06-27'),(2988,5,30,5,3525,'2020-10-14'),(2989,6,12,5,2854,'2020-02-03'),(2990,7,76,3,4646,'2020-09-06'),(2991,8,87,10,2222,'2020-11-07'),(2992,9,27,8,4931,'2020-10-09'),(2993,10,43,7,2783,'2020-04-21'),(2994,11,98,8,4675,'2020-06-01'),(2995,12,23,9,4784,'2020-12-09'),(2996,13,57,10,3413,'2020-05-22'),(2997,14,1,3,4304,'2020-12-06'),(2998,15,80,3,3145,'2020-01-17'),(2999,16,17,4,4359,'2020-09-25'),(3000,17,73,1,3338,'2020-07-10'),(3001,18,58,2,3441,'2020-04-04'),(3002,19,55,10,3500,'2020-12-03'),(3003,1,82,6,1841,'2020-02-02'),(3004,2,24,4,1916,'2020-03-20'),(3005,3,8,1,3705,'2020-07-06'),(3006,4,19,6,4586,'2020-09-07'),(3007,5,69,10,4043,'2020-08-17'),(3008,6,85,7,2126,'2020-03-16'),(3009,7,91,1,4263,'2020-04-05'),(3010,8,14,7,4985,'2020-05-11'),(3011,9,79,9,1704,'2020-08-05'),(3012,10,3,2,3977,'2020-06-30'),(3013,11,92,7,3204,'2020-01-30'),(3014,12,20,1,2452,'2020-08-09'),(3015,13,87,4,2222,'2020-08-08'),(3016,14,95,4,2128,'2020-04-23'),(3017,15,96,4,4329,'2020-11-14'),(3018,16,14,2,4985,'2020-05-24'),(3019,17,79,7,1704,'2020-04-13'),(3020,18,32,4,3483,'2020-10-04'),(3021,19,98,10,4675,'2020-05-16'),(3022,1,6,6,2030,'2020-08-20'),(3023,2,2,5,2276,'2020-01-02'),(3024,3,2,1,2276,'2020-09-25'),(3025,4,16,6,3235,'2020-02-05'),(3026,5,51,10,1280,'2020-12-06'),(3027,6,52,10,3570,'2020-10-23'),(3028,7,66,2,3699,'2020-08-17'),(3029,8,84,1,3378,'2020-03-20'),(3030,9,48,2,4274,'2020-06-13'),(3031,10,52,3,3570,'2020-10-29'),(3032,11,1,8,4304,'2020-05-29'),(3033,12,4,2,3394,'2020-07-14'),(3034,13,96,6,4329,'2020-05-26'),(3035,14,21,6,3287,'2020-10-12'),(3036,15,87,5,2222,'2020-06-10'),(3037,16,81,5,1073,'2020-04-25'),(3038,17,16,9,3235,'2020-08-13'),(3039,18,40,8,3240,'2020-07-05'),(3040,19,30,10,3525,'2020-03-08'),(3041,1,13,9,3381,'2020-03-08'),(3042,2,89,3,4854,'2020-09-06'),(3043,3,52,9,3570,'2020-08-02'),(3044,4,31,5,2627,'2020-01-25'),(3045,5,16,6,3235,'2020-01-26'),(3046,6,31,10,2627,'2020-01-21'),(3047,7,35,3,1320,'2020-07-19'),(3048,8,28,2,4301,'2020-04-19'),(3049,9,58,9,3441,'2020-03-03'),(3050,10,97,3,3111,'2020-06-12'),(3051,11,83,10,4074,'2020-05-28'),(3052,12,62,5,3677,'2020-10-18'),(3053,13,79,1,1704,'2020-02-05'),(3054,14,6,8,2030,'2020-07-23'),(3055,15,47,7,4841,'2020-05-22'),(3056,16,44,9,4914,'2020-02-29'),(3057,17,19,3,4586,'2020-04-23'),(3058,18,2,10,2276,'2020-12-26'),(3059,19,17,7,4359,'2020-05-05'),(3060,1,10,6,2368,'2020-02-10'),(3061,2,8,10,3705,'2020-08-26'),(3062,3,11,6,2702,'2020-08-12'),(3063,4,77,6,2515,'2020-11-28'),(3064,5,63,1,2535,'2020-11-11'),(3065,6,47,2,4841,'2020-04-11'),(3066,7,24,4,1916,'2020-12-27'),(3067,8,31,5,2627,'2020-12-02'),(3068,9,52,3,3570,'2020-12-26'),(3069,10,86,6,2543,'2020-10-31'),(3070,11,43,6,2783,'2020-10-07'),(3071,12,35,4,1320,'2020-01-09'),(3072,13,81,8,1073,'2020-06-26'),(3073,14,4,3,3394,'2020-05-09'),(3074,15,42,5,4482,'2020-01-17'),(3075,16,46,10,4157,'2020-03-18'),(3076,17,98,9,4675,'2020-04-22'),(3077,18,47,8,4841,'2020-09-11'),(3078,19,43,1,2783,'2020-05-18'),(3079,1,45,8,1907,'2020-07-23'),(3080,2,90,4,3752,'2020-09-03'),(3081,3,79,7,1704,'2020-12-10'),(3082,4,49,5,1107,'2020-02-06'),(3083,5,87,5,2222,'2020-10-11'),(3084,6,17,7,4359,'2020-01-31'),(3085,7,50,2,2945,'2020-12-24'),(3086,8,29,2,1068,'2020-06-24'),(3087,9,4,5,3394,'2020-07-20'),(3088,10,14,3,4985,'2020-01-01'),(3089,11,75,7,4605,'2020-09-26'),(3090,12,16,7,3235,'2020-05-18'),(3091,13,57,10,3413,'2020-12-21'),(3092,14,97,6,3111,'2020-02-02'),(3093,15,69,1,4043,'2020-10-26'),(3094,16,11,6,2702,'2020-10-14'),(3095,17,87,10,2222,'2020-10-02'),(3096,18,10,7,2368,'2020-12-02'),(3097,19,51,2,1280,'2020-06-13'),(3098,1,6,8,2030,'2020-10-14'),(3099,2,10,8,2368,'2020-12-20'),(3100,3,16,7,3235,'2020-09-28'),(3101,4,82,8,1841,'2020-09-17'),(3102,5,48,5,4274,'2020-03-06'),(3103,6,85,7,2126,'2020-12-28'),(3104,7,99,4,3479,'2020-07-13'),(3105,8,50,6,2945,'2020-08-20'),(3106,9,56,2,2000,'2020-09-13'),(3107,10,12,6,2854,'2020-04-17'),(3108,11,86,1,2543,'2020-04-03'),(3109,12,76,9,4646,'2020-11-01'),(3110,13,7,4,2926,'2020-01-21'),(3111,14,88,2,2409,'2020-06-05'),(3112,15,96,5,4329,'2020-10-29'),(3113,16,35,5,1320,'2020-08-09'),(3114,17,84,4,3378,'2020-10-25'),(3115,18,79,10,1704,'2020-03-03'),(3116,19,36,8,3292,'2020-11-11'),(3117,1,18,7,2070,'2020-12-04'),(3118,2,73,6,3338,'2020-09-23'),(3119,3,30,3,3525,'2020-09-01'),(3120,4,29,4,1068,'2020-09-16'),(3121,5,11,6,2702,'2020-12-07'),(3122,6,12,3,2854,'2020-09-25'),(3123,7,60,2,4748,'2020-12-26'),(3124,8,4,6,3394,'2020-11-26'),(3125,9,75,5,4605,'2020-03-23'),(3126,10,49,10,1107,'2020-06-17'),(3127,11,20,3,2452,'2020-03-15'),(3128,12,64,9,4360,'2020-01-08'),(3129,13,50,8,2945,'2020-01-25'),(3130,14,98,2,4675,'2020-05-26'),(3131,15,70,10,3228,'2020-02-27'),(3132,16,11,10,2702,'2020-09-27'),(3133,17,7,7,2926,'2020-12-11'),(3134,18,27,7,4931,'2020-12-01'),(3135,19,9,8,2763,'2020-05-28'),(3136,1,67,6,3913,'2020-05-28'),(3137,2,8,1,3705,'2020-02-05'),(3138,3,12,8,2854,'2020-09-09'),(3139,4,85,9,2126,'2020-06-24'),(3140,5,27,9,4931,'2020-12-05'),(3141,6,18,9,2070,'2020-04-22'),(3142,7,8,6,3705,'2020-03-28'),(3143,8,44,4,4914,'2020-02-12'),(3144,9,72,2,1843,'2020-05-16'),(3145,10,80,8,3145,'2020-03-25'),(3146,11,60,3,4748,'2020-05-31'),(3147,12,9,10,2763,'2020-07-14'),(3148,13,43,9,2783,'2020-09-25'),(3149,14,6,6,2030,'2020-07-15'),(3150,15,23,9,4784,'2020-11-23'),(3151,16,91,8,4263,'2020-08-14'),(3152,17,100,6,4082,'2020-06-11'),(3153,18,46,10,4157,'2020-09-11'),(3154,19,96,6,4329,'2020-05-07'),(3155,1,27,1,4931,'2020-12-22'),(3156,2,84,6,3378,'2020-05-28'),(3157,3,80,1,3145,'2020-04-15'),(3158,4,20,9,2452,'2020-08-01'),(3159,5,46,6,4157,'2020-07-05'),(3160,6,70,9,3228,'2020-08-06'),(3161,7,24,8,1916,'2020-09-22'),(3162,8,67,10,3913,'2020-05-05'),(3163,9,34,8,4762,'2020-02-21'),(3164,10,33,4,1266,'2020-11-12'),(3165,11,5,3,2822,'2020-11-11'),(3166,12,97,5,3111,'2020-06-27'),(3167,13,12,8,2854,'2020-07-18'),(3168,14,44,9,4914,'2020-10-05'),(3169,15,48,8,4274,'2020-02-03'),(3170,16,83,4,4074,'2020-02-19'),(3171,17,43,10,2783,'2020-05-31'),(3172,18,32,5,3483,'2020-12-09'),(3173,19,30,8,3525,'2020-01-21'),(3174,1,30,6,3525,'2020-03-05'),(3175,2,11,5,2702,'2020-06-21'),(3176,3,82,1,1841,'2020-03-30'),(3177,4,67,7,3913,'2020-09-13'),(3178,5,68,3,4116,'2020-02-11'),(3179,6,82,4,1841,'2020-09-20'),(3180,7,94,4,1306,'2020-10-29'),(3181,8,91,2,4263,'2020-04-10'),(3182,9,69,10,4043,'2020-09-27'),(3183,10,66,8,3699,'2020-12-13'),(3184,11,39,7,1044,'2020-02-14'),(3185,12,42,6,4482,'2020-10-31'),(3186,13,69,5,4043,'2020-07-13'),(3187,14,6,10,2030,'2020-09-08'),(3188,15,87,6,2222,'2020-09-23'),(3189,16,39,6,1044,'2020-10-17'),(3190,17,66,8,3699,'2020-03-09'),(3191,18,98,1,4675,'2020-11-08'),(3192,19,62,10,3677,'2020-10-05'),(3193,1,50,3,2945,'2020-03-04'),(3194,2,19,7,4586,'2020-10-06'),(3195,3,43,10,2783,'2020-05-24'),(3196,4,33,8,1266,'2020-04-20'),(3197,5,30,5,3525,'2020-06-25'),(3198,6,94,7,1306,'2020-02-26'),(3199,7,99,9,3479,'2020-10-11'),(3200,8,11,7,2702,'2020-03-11'),(3201,9,71,1,1352,'2020-01-21'),(3202,10,91,10,4263,'2020-10-01'),(3203,11,35,7,1320,'2020-07-09'),(3204,12,15,4,4598,'2020-06-15'),(3205,13,53,2,3978,'2020-07-24'),(3206,14,60,9,4748,'2020-03-04'),(3207,15,91,1,4263,'2020-12-11'),(3208,16,70,8,3228,'2020-05-27'),(3209,17,35,4,1320,'2020-10-07'),(3210,18,34,4,4762,'2020-10-18'),(3211,19,21,9,3287,'2020-02-18'),(3212,1,10,5,2368,'2020-10-17'),(3213,2,38,9,3881,'2020-11-27'),(3214,3,82,9,1841,'2020-01-18'),(3215,4,4,1,3394,'2020-10-24'),(3216,5,2,4,2276,'2020-01-24'),(3217,6,70,1,3228,'2020-02-18'),(3218,7,28,1,4301,'2020-07-23'),(3219,8,32,9,3483,'2020-02-26'),(3220,9,63,7,2535,'2020-06-05'),(3221,10,88,6,2409,'2020-08-03'),(3222,11,33,5,1266,'2020-05-23'),(3223,12,42,6,4482,'2020-05-09'),(3224,13,45,2,1907,'2020-01-10'),(3225,14,47,7,4841,'2020-06-14'),(3226,15,9,9,2763,'2020-02-15'),(3227,16,28,9,4301,'2020-08-24'),(3228,17,9,1,2763,'2020-06-19'),(3229,18,73,10,3338,'2020-12-23'),(3230,19,7,4,2926,'2020-07-22'),(3231,1,2,3,2276,'2020-06-23'),(3232,2,21,3,3287,'2020-04-30'),(3233,3,67,10,3913,'2020-04-27'),(3234,4,60,9,4748,'2020-12-16'),(3235,5,2,6,2276,'2020-05-19'),(3236,6,74,7,3315,'2020-12-15'),(3237,7,4,3,3394,'2020-08-05'),(3238,8,17,3,4359,'2020-11-29'),(3239,9,52,3,3570,'2020-02-17'),(3240,10,81,9,1073,'2020-09-07'),(3241,11,29,10,1068,'2020-03-20'),(3242,12,40,6,3240,'2020-04-29'),(3243,13,48,3,4274,'2020-02-01'),(3244,14,31,9,2627,'2020-06-30'),(3245,15,26,10,3546,'2020-09-07'),(3246,16,93,10,3879,'2020-07-26'),(3247,17,49,7,1107,'2020-09-23'),(3248,18,47,4,4841,'2020-09-19'),(3249,19,73,10,3338,'2020-12-04'),(3250,1,56,1,2000,'2020-07-01'),(3251,2,82,4,1841,'2020-10-12'),(3252,3,38,7,3881,'2020-10-14'),(3253,4,10,6,2368,'2020-05-29'),(3254,5,48,3,4274,'2020-08-01'),(3255,6,49,4,1107,'2020-10-21'),(3256,7,66,4,3699,'2020-01-10'),(3257,8,55,1,3500,'2020-06-10'),(3258,9,48,8,4274,'2020-05-31'),(3259,10,13,4,3381,'2020-02-28'),(3260,11,87,2,2222,'2020-12-08'),(3261,12,48,10,4274,'2020-04-20'),(3262,13,63,10,2535,'2020-01-13'),(3263,14,69,6,4043,'2020-05-16'),(3264,15,96,3,4329,'2020-05-04'),(3265,16,9,7,2763,'2020-09-28'),(3266,17,66,1,3699,'2020-07-07'),(3267,18,67,4,3913,'2020-05-04'),(3268,19,45,10,1907,'2020-11-06'),(3269,1,50,10,2945,'2020-05-11'),(3270,2,19,8,4586,'2020-08-16'),(3271,3,39,10,1044,'2020-12-05'),(3272,4,25,8,4751,'2020-06-07'),(3273,5,40,7,3240,'2020-03-26'),(3274,6,43,9,2783,'2020-08-12'),(3275,7,96,1,4329,'2020-08-26'),(3276,8,53,10,3978,'2020-11-12'),(3277,9,14,8,4985,'2020-08-17'),(3278,10,40,1,3240,'2020-08-14'),(3279,11,40,4,3240,'2020-10-23'),(3280,12,31,4,2627,'2020-08-22'),(3281,13,53,3,3978,'2020-03-22'),(3282,14,24,2,1916,'2020-12-30'),(3283,15,62,10,3677,'2020-04-02'),(3284,16,50,8,2945,'2020-03-11'),(3285,17,2,4,2276,'2020-11-04'),(3286,18,79,6,1704,'2020-12-02'),(3287,19,15,3,4598,'2020-04-30'),(3288,1,13,10,3381,'2020-12-18'),(3289,2,46,3,4157,'2020-07-07'),(3290,3,45,10,1907,'2020-04-12'),(3291,4,88,9,2409,'2020-08-13'),(3292,5,48,1,4274,'2020-11-12'),(3293,6,20,5,2452,'2020-05-29'),(3294,7,50,10,2945,'2020-04-18'),(3295,8,88,7,2409,'2020-08-19'),(3296,9,44,4,4914,'2020-03-02'),(3297,10,24,7,1916,'2020-06-15'),(3298,11,85,1,2126,'2020-01-05'),(3299,12,97,4,3111,'2020-07-25'),(3300,13,63,8,2535,'2020-06-09'),(3301,14,94,10,1306,'2020-02-18'),(3302,15,59,5,4645,'2020-09-07'),(3303,16,87,5,2222,'2020-05-10'),(3304,17,39,4,1044,'2020-10-28'),(3305,18,38,6,3881,'2020-03-12'),(3306,19,45,10,1907,'2020-07-11'),(3307,1,85,7,2126,'2020-03-18'),(3308,2,68,7,4116,'2020-09-17'),(3309,3,95,4,2128,'2020-10-02'),(3310,4,60,6,4748,'2020-07-26'),(3311,5,95,5,2128,'2020-04-02'),(3312,6,82,4,1841,'2020-05-09'),(3313,7,95,3,2128,'2020-12-28'),(3314,8,14,5,4985,'2020-01-26'),(3315,9,52,8,3570,'2020-11-23'),(3316,10,17,2,4359,'2020-04-08'),(3317,11,13,4,3381,'2020-01-09'),(3318,12,71,9,1352,'2020-09-08'),(3319,13,85,4,2126,'2020-01-23'),(3320,14,8,6,3705,'2020-01-29'),(3321,15,9,3,2763,'2020-12-13'),(3322,16,30,10,3525,'2020-06-24'),(3323,17,90,9,3752,'2020-12-12'),(3324,18,37,4,2808,'2020-09-28'),(3325,19,29,6,1068,'2020-07-27'),(3326,1,28,6,4301,'2020-03-07'),(3327,2,41,1,4666,'2020-07-27'),(3328,3,94,5,1306,'2020-07-19'),(3329,4,11,6,2702,'2020-12-22'),(3330,5,89,1,4854,'2020-11-05'),(3331,6,97,6,3111,'2020-01-06'),(3332,7,9,1,2763,'2020-10-25'),(3333,8,3,4,3977,'2020-10-23'),(3334,9,19,5,4586,'2020-06-21'),(3335,10,72,10,1843,'2020-07-21'),(3336,11,26,8,3546,'2020-03-04'),(3337,12,9,7,2763,'2020-04-04'),(3338,13,99,1,3479,'2020-11-02'),(3339,14,99,1,3479,'2020-08-23'),(3340,15,68,3,4116,'2020-01-10'),(3341,16,37,9,2808,'2020-05-28'),(3342,17,58,3,3441,'2020-12-17'),(3343,18,77,10,2515,'2020-05-24'),(3344,19,80,9,3145,'2020-05-20'),(3345,1,80,10,3145,'2020-02-06'),(3346,2,39,3,1044,'2020-01-17'),(3347,3,100,3,4082,'2020-09-23'),(3348,4,89,1,4854,'2020-01-27'),(3349,5,71,8,1352,'2020-07-11'),(3350,6,89,2,4854,'2020-05-26'),(3351,7,58,2,3441,'2020-08-31'),(3352,8,5,8,2822,'2020-10-16'),(3353,9,15,8,4598,'2020-04-24'),(3354,10,65,10,4024,'2020-12-14'),(3355,11,35,4,1320,'2020-11-26'),(3356,12,88,3,2409,'2020-07-27'),(3357,13,20,8,2452,'2020-07-31'),(3358,14,13,4,3381,'2020-02-11'),(3359,15,39,6,1044,'2020-04-08'),(3360,16,59,3,4645,'2020-06-16'),(3361,17,81,3,1073,'2020-02-12'),(3362,18,6,7,2030,'2020-08-01'),(3363,19,68,10,4116,'2020-06-05'),(3364,1,72,3,1843,'2020-12-27'),(3365,2,87,3,2222,'2020-09-08'),(3366,3,28,6,4301,'2020-09-21'),(3367,4,98,7,4675,'2020-08-02'),(3368,5,42,2,4482,'2020-01-24'),(3369,6,41,2,4666,'2020-04-02'),(3370,7,36,4,3292,'2020-04-12'),(3371,8,69,4,4043,'2020-05-01'),(3372,9,25,2,4751,'2020-10-07'),(3373,10,28,4,4301,'2020-09-02'),(3374,11,100,3,4082,'2020-06-12'),(3375,12,79,2,1704,'2020-05-02'),(3376,13,43,7,2783,'2020-04-23'),(3377,14,79,7,1704,'2020-01-17'),(3378,15,88,3,2409,'2020-05-11'),(3379,16,83,2,4074,'2020-09-09'),(3380,17,57,4,3413,'2020-10-21'),(3381,18,13,6,3381,'2020-05-25'),(3382,19,73,6,3338,'2020-12-10'),(3383,1,72,10,1843,'2020-01-31'),(3384,2,28,1,4301,'2020-10-09'),(3385,3,17,10,4359,'2020-02-04'),(3386,4,73,4,3338,'2020-04-19'),(3387,5,57,9,3413,'2020-03-05'),(3388,6,83,7,4074,'2020-09-08'),(3389,7,54,2,1451,'2020-05-30'),(3390,8,81,3,1073,'2020-12-03'),(3391,9,88,8,2409,'2020-08-22'),(3392,10,98,8,4675,'2020-04-08'),(3393,11,66,2,3699,'2020-02-27'),(3394,12,59,5,4645,'2020-06-09'),(3395,13,71,5,1352,'2020-06-19'),(3396,14,90,1,3752,'2020-07-30'),(3397,15,73,3,3338,'2020-10-10'),(3398,16,4,6,3394,'2020-02-03'),(3399,17,22,5,4826,'2020-05-31'),(3400,18,52,4,3570,'2020-09-14'),(3401,19,88,4,2409,'2020-03-29'),(3402,1,6,4,2030,'2020-04-01'),(3403,2,73,3,3338,'2020-05-27'),(3404,3,68,6,4116,'2020-07-16'),(3405,4,70,6,3228,'2020-10-20'),(3406,5,32,10,3483,'2020-05-09'),(3407,6,3,1,3977,'2020-09-18'),(3408,7,77,3,2515,'2020-11-02'),(3409,8,8,8,3705,'2020-10-07'),(3410,9,13,7,3381,'2020-01-10'),(3411,10,88,1,2409,'2020-09-20'),(3412,11,65,5,4024,'2020-06-03'),(3413,12,5,10,2822,'2020-07-30'),(3414,13,6,8,2030,'2020-06-23'),(3415,14,91,3,4263,'2020-04-22'),(3416,15,39,1,1044,'2020-11-14'),(3417,16,84,2,3378,'2020-05-18'),(3418,17,10,6,2368,'2020-08-10'),(3419,18,70,8,3228,'2020-06-29'),(3420,19,5,3,2822,'2020-08-14'),(3421,1,33,6,1266,'2020-03-04'),(3422,2,34,9,4762,'2020-05-11'),(3423,3,99,6,3479,'2020-05-11'),(3424,4,97,1,3111,'2020-10-06'),(3425,5,68,10,4116,'2020-12-01'),(3426,6,80,1,3145,'2020-10-19'),(3427,7,1,4,4304,'2020-10-09'),(3428,8,63,1,2535,'2020-06-21'),(3429,9,69,9,4043,'2020-01-06'),(3430,10,71,5,1352,'2020-09-09'),(3431,11,24,6,1916,'2020-05-01'),(3432,12,41,9,4666,'2020-07-08'),(3433,13,92,4,3204,'2020-05-22'),(3434,14,35,9,1320,'2020-11-18'),(3435,15,3,5,3977,'2020-06-28'),(3436,16,68,1,4116,'2020-04-15'),(3437,17,21,3,3287,'2020-07-17'),(3438,18,90,8,3752,'2020-07-09'),(3439,19,2,2,2276,'2020-11-25'),(3440,1,32,5,3483,'2020-12-12'),(3441,2,21,10,3287,'2020-07-01'),(3442,3,48,5,4274,'2020-03-31'),(3443,4,48,8,4274,'2020-04-16'),(3444,5,42,3,4482,'2020-05-22'),(3445,6,85,8,2126,'2020-11-08'),(3446,7,95,4,2128,'2020-03-04'),(3447,8,83,9,4074,'2020-11-07'),(3448,9,46,4,4157,'2020-05-14'),(3449,10,80,10,3145,'2020-08-06'),(3450,11,40,1,3240,'2020-09-27'),(3451,12,3,9,3977,'2020-01-25'),(3452,13,6,9,2030,'2020-09-23'),(3453,14,82,6,1841,'2020-04-01'),(3454,15,89,10,4854,'2020-07-31'),(3455,16,97,8,3111,'2020-10-22'),(3456,17,66,5,3699,'2020-06-30'),(3457,18,18,1,2070,'2020-05-09'),(3458,19,5,8,2822,'2020-08-15'),(3459,1,9,3,2763,'2020-11-05'),(3460,2,86,1,2543,'2020-02-14'),(3461,3,54,4,1451,'2020-03-03'),(3462,4,15,1,4598,'2020-03-06'),(3463,5,28,5,4301,'2020-10-02'),(3464,6,59,2,4645,'2020-03-18'),(3465,7,32,8,3483,'2020-10-12'),(3466,8,97,6,3111,'2020-04-11'),(3467,9,54,10,1451,'2020-04-19'),(3468,10,18,4,2070,'2020-08-10'),(3469,11,7,1,2926,'2020-01-08'),(3470,12,13,10,3381,'2020-08-24'),(3471,13,65,3,4024,'2020-09-15'),(3472,14,60,8,4748,'2020-08-02'),(3473,15,59,7,4645,'2020-06-12'),(3474,16,67,9,3913,'2020-12-29'),(3475,17,65,7,4024,'2020-03-11'),(3476,18,84,2,3378,'2020-05-05'),(3477,19,72,4,1843,'2020-09-15'),(3478,1,70,1,3228,'2020-09-11'),(3479,2,79,2,1704,'2020-04-11'),(3480,3,94,9,1306,'2020-11-08'),(3481,4,10,2,2368,'2020-09-21'),(3482,5,24,1,1916,'2020-04-01'),(3483,6,100,9,4082,'2020-11-07'),(3484,7,27,10,4931,'2020-11-01'),(3485,8,70,7,3228,'2020-02-15'),(3486,9,78,3,2387,'2020-07-30'),(3487,10,28,6,4301,'2020-12-16'),(3488,11,70,4,3228,'2020-08-21'),(3489,12,6,6,2030,'2020-03-19'),(3490,13,79,4,1704,'2020-12-24'),(3491,14,20,10,2452,'2020-11-13'),(3492,15,58,7,3441,'2020-07-04'),(3493,16,29,4,1068,'2020-01-25'),(3494,17,68,4,4116,'2020-07-27'),(3495,18,68,9,4116,'2020-07-25'),(3496,19,22,7,4826,'2020-08-17'),(3497,1,27,10,4931,'2020-10-03'),(3498,2,69,2,4043,'2020-10-26'),(3499,3,6,10,2030,'2020-10-15'),(3500,4,58,6,3441,'2020-12-25'),(3501,5,82,9,1841,'2020-06-02'),(3502,6,26,9,3546,'2020-11-24'),(3503,7,71,9,1352,'2020-12-03'),(3504,8,76,6,4646,'2020-01-30'),(3505,9,2,1,2276,'2020-10-17'),(3506,10,50,2,2945,'2020-05-02'),(3507,11,59,5,4645,'2020-02-19'),(3508,12,99,4,3479,'2020-06-26'),(3509,13,84,4,3378,'2020-12-08'),(3510,14,10,8,2368,'2020-12-22'),(3511,15,91,4,4263,'2020-08-16'),(3512,16,35,8,1320,'2020-02-25'),(3513,17,71,8,1352,'2020-01-14'),(3514,18,92,3,3204,'2020-02-11'),(3515,19,57,9,3413,'2020-04-21'),(3516,1,64,9,4360,'2020-01-24'),(3517,2,54,10,1451,'2020-09-30'),(3518,3,47,9,4841,'2020-04-25'),(3519,4,14,7,4985,'2020-05-08'),(3520,5,24,10,1916,'2020-05-14'),(3521,6,48,4,4274,'2020-12-18'),(3522,7,1,9,4304,'2020-01-04'),(3523,8,32,8,3483,'2020-04-10'),(3524,9,77,9,2515,'2020-06-24'),(3525,10,68,10,4116,'2020-09-22'),(3526,11,8,1,3705,'2020-03-18'),(3527,12,49,3,1107,'2020-12-23'),(3528,13,82,7,1841,'2020-02-24'),(3529,14,49,1,1107,'2020-06-26'),(3530,15,78,2,2387,'2020-05-29'),(3531,16,50,5,2945,'2020-09-02'),(3532,17,100,5,4082,'2020-08-21'),(3533,18,75,7,4605,'2020-11-05'),(3534,19,4,5,3394,'2020-12-28'),(3535,1,75,1,4605,'2020-12-19'),(3536,2,34,1,4762,'2020-05-08'),(3537,3,69,4,4043,'2020-08-18'),(3538,4,99,2,3479,'2020-05-31'),(3539,5,10,4,2368,'2020-01-31'),(3540,6,21,9,3287,'2020-11-13'),(3541,7,5,3,2822,'2020-05-21'),(3542,8,11,4,2702,'2020-01-25'),(3543,9,54,7,1451,'2020-07-31'),(3544,10,6,2,2030,'2020-08-23'),(3545,11,83,10,4074,'2020-02-21'),(3546,12,40,4,3240,'2020-09-03'),(3547,13,11,5,2702,'2020-07-27'),(3548,14,19,4,4586,'2020-06-06'),(3549,15,58,9,3441,'2020-02-23'),(3550,16,60,5,4748,'2020-09-20'),(3551,17,46,2,4157,'2020-10-29'),(3552,18,55,6,3500,'2020-06-21'),(3553,19,46,4,4157,'2020-01-28'),(3554,1,13,5,3381,'2020-09-20'),(3555,2,15,8,4598,'2020-12-23'),(3556,3,53,2,3978,'2020-03-28'),(3557,4,77,10,2515,'2020-10-09'),(3558,5,18,8,2070,'2020-07-15'),(3559,6,53,10,3978,'2020-09-22'),(3560,7,68,2,4116,'2020-05-15'),(3561,8,2,5,2276,'2020-05-16'),(3562,9,76,3,4646,'2020-07-05'),(3563,10,86,7,2543,'2020-08-29'),(3564,11,65,2,4024,'2020-08-09'),(3565,12,88,1,2409,'2020-06-06'),(3566,13,55,9,3500,'2020-05-18'),(3567,14,9,7,2763,'2020-04-06'),(3568,15,33,2,1266,'2020-05-10'),(3569,16,57,6,3413,'2020-02-18'),(3570,17,1,3,4304,'2020-08-11'),(3571,18,79,1,1704,'2020-05-03'),(3572,19,36,1,3292,'2020-05-01'),(3573,1,80,9,3145,'2020-06-24'),(3574,2,85,8,2126,'2020-02-26'),(3575,3,88,10,2409,'2020-02-12'),(3576,4,98,6,4675,'2020-07-06'),(3577,5,89,2,4854,'2020-08-26'),(3578,6,45,4,1907,'2020-10-24'),(3579,7,86,3,2543,'2020-08-11'),(3580,8,78,2,2387,'2020-12-02'),(3581,9,68,6,4116,'2020-02-24'),(3582,10,21,7,3287,'2020-09-04'),(3583,11,21,5,3287,'2020-03-21'),(3584,12,36,3,3292,'2020-08-12'),(3585,13,98,7,4675,'2020-07-17'),(3586,14,34,4,4762,'2020-10-07'),(3587,15,13,5,3381,'2020-07-08'),(3588,16,14,7,4985,'2020-03-18'),(3589,17,72,9,1843,'2020-09-21'),(3590,18,85,8,2126,'2020-09-17'),(3591,19,56,4,2000,'2020-07-12'),(3592,1,69,6,4043,'2020-11-10'),(3593,2,79,7,1704,'2020-04-07'),(3594,3,50,5,2945,'2020-08-07'),(3595,4,81,7,1073,'2020-04-12'),(3596,5,66,3,3699,'2020-08-12'),(3597,6,9,6,2763,'2020-01-25'),(3598,7,9,1,2763,'2020-03-12'),(3599,8,82,4,1841,'2020-06-07'),(3600,9,76,7,4646,'2020-04-15'),(3601,10,76,10,4646,'2020-02-20'),(3602,11,72,9,1843,'2020-03-30'),(3603,12,6,6,2030,'2020-01-07'),(3604,13,89,1,4854,'2020-03-16'),(3605,14,23,8,4784,'2020-04-01'),(3606,15,99,8,3479,'2020-08-18'),(3607,16,1,10,4304,'2020-08-23'),(3608,17,18,3,2070,'2020-07-10'),(3609,18,10,3,2368,'2020-05-23'),(3610,19,13,7,3381,'2020-10-07'),(3611,1,85,4,2126,'2020-07-30'),(3612,2,65,6,4024,'2020-08-18'),(3613,3,74,4,3315,'2020-10-18'),(3614,4,53,3,3978,'2020-01-04'),(3615,5,62,6,3677,'2020-06-09'),(3616,6,25,8,4751,'2020-08-15'),(3617,7,77,5,2515,'2020-06-26'),(3618,8,68,6,4116,'2020-04-18'),(3619,9,89,5,4854,'2020-07-18'),(3620,10,100,8,4082,'2020-10-15'),(3621,11,50,1,2945,'2020-02-14'),(3622,12,23,9,4784,'2020-12-14'),(3623,13,36,6,3292,'2020-06-18'),(3624,14,89,7,4854,'2020-04-28'),(3625,15,61,6,2063,'2020-11-16'),(3626,16,69,5,4043,'2020-11-03'),(3627,17,14,8,4985,'2020-05-31'),(3628,18,16,8,3235,'2020-02-19'),(3629,19,66,3,3699,'2020-09-06'),(3630,1,17,5,4359,'2020-01-07'),(3631,2,53,5,3978,'2020-10-03'),(3632,3,66,1,3699,'2020-05-29'),(3633,4,68,8,4116,'2020-09-28'),(3634,5,45,2,1907,'2020-02-01'),(3635,6,51,1,1280,'2020-03-25'),(3636,7,61,3,2063,'2020-01-25'),(3637,8,39,6,1044,'2020-10-14'),(3638,9,37,8,2808,'2020-01-16'),(3639,10,35,3,1320,'2020-07-31'),(3640,11,45,9,1907,'2020-07-30'),(3641,12,26,8,3546,'2020-01-10'),(3642,13,48,3,4274,'2020-10-27'),(3643,14,52,6,3570,'2020-07-04'),(3644,15,27,3,4931,'2020-05-09'),(3645,16,35,7,1320,'2020-01-20'),(3646,17,16,10,3235,'2020-08-08'),(3647,18,90,6,3752,'2020-11-26'),(3648,19,76,10,4646,'2020-08-15'),(3649,1,64,2,4360,'2020-03-19'),(3650,2,63,1,2535,'2020-01-16'),(3651,3,83,7,4074,'2020-04-27'),(3652,4,31,3,2627,'2020-08-14'),(3653,5,57,4,3413,'2020-01-10'),(3654,6,4,4,3394,'2020-10-06'),(3655,7,45,2,1907,'2020-09-03'),(3656,8,56,5,2000,'2020-07-31'),(3657,9,15,2,4598,'2020-08-21'),(3658,10,15,9,4598,'2020-11-09'),(3659,11,82,7,1841,'2020-09-19'),(3660,12,61,6,2063,'2020-04-13'),(3661,13,91,7,4263,'2020-09-14'),(3662,14,63,1,2535,'2020-11-01'),(3663,15,57,6,3413,'2020-06-03'),(3664,16,35,5,1320,'2020-07-02'),(3665,17,22,1,4826,'2020-08-12'),(3666,18,41,4,4666,'2020-05-20'),(3667,19,76,3,4646,'2020-01-21'),(3668,1,6,8,2030,'2020-04-18'),(3669,2,19,9,4586,'2020-08-28'),(3670,3,78,7,2387,'2020-10-13'),(3671,4,17,6,4359,'2020-08-16'),(3672,5,80,10,3145,'2020-12-18'),(3673,6,34,1,4762,'2020-10-08'),(3674,7,31,4,2627,'2020-09-17'),(3675,8,35,7,1320,'2020-12-01'),(3676,9,42,10,4482,'2020-07-21'),(3677,10,50,8,2945,'2020-02-08'),(3678,11,52,1,3570,'2020-08-06'),(3679,12,92,5,3204,'2020-06-09'),(3680,13,94,9,1306,'2020-12-20'),(3681,14,41,3,4666,'2020-10-14'),(3682,15,93,5,3879,'2020-05-15'),(3683,16,73,8,3338,'2020-12-19'),(3684,17,90,7,3752,'2020-06-21'),(3685,18,45,5,1907,'2020-12-07'),(3686,19,12,8,2854,'2020-08-30'),(3687,1,85,10,2126,'2020-03-11'),(3688,2,37,4,2808,'2020-11-03'),(3689,3,11,4,2702,'2020-08-14'),(3690,4,4,4,3394,'2020-07-24'),(3691,5,53,10,3978,'2020-02-03'),(3692,6,58,6,3441,'2020-09-04'),(3693,7,94,4,1306,'2020-10-06'),(3694,8,55,7,3500,'2020-02-21'),(3695,9,10,7,2368,'2020-07-07'),(3696,10,91,2,4263,'2020-08-09'),(3697,11,93,8,3879,'2020-02-28'),(3698,12,55,10,3500,'2020-11-19'),(3699,13,63,1,2535,'2020-03-27'),(3700,14,86,7,2543,'2020-10-17'),(3701,15,70,9,3228,'2020-11-14'),(3702,16,9,2,2763,'2020-05-22'),(3703,17,23,1,4784,'2020-05-16'),(3704,18,72,4,1843,'2020-11-27'),(3705,19,6,2,2030,'2020-10-30'),(3706,1,85,3,2126,'2020-11-06'),(3707,2,29,8,1068,'2020-09-08'),(3708,3,89,1,4854,'2020-08-13'),(3709,4,32,6,3483,'2020-12-07'),(3710,5,43,4,2783,'2020-09-25'),(3711,6,59,6,4645,'2020-08-11'),(3712,7,11,8,2702,'2020-02-29'),(3713,8,74,7,3315,'2020-06-15'),(3714,9,9,6,2763,'2020-11-16'),(3715,10,56,6,2000,'2020-12-29'),(3716,11,14,5,4985,'2020-03-13'),(3717,12,4,2,3394,'2020-11-15'),(3718,13,66,7,3699,'2020-08-21'),(3719,14,38,9,3881,'2020-01-06'),(3720,15,30,10,3525,'2020-08-02'),(3721,16,39,6,1044,'2020-04-01'),(3722,17,22,2,4826,'2020-05-24'),(3723,18,54,3,1451,'2020-05-17'),(3724,19,46,7,4157,'2020-03-08'),(3725,1,20,5,2452,'2020-09-30'),(3726,2,19,4,4586,'2020-04-10'),(3727,3,98,2,4675,'2020-11-02'),(3728,4,65,4,4024,'2020-12-09'),(3729,5,44,9,4914,'2020-10-30'),(3730,6,70,10,3228,'2020-10-27'),(3731,7,90,8,3752,'2020-08-13'),(3732,8,39,8,1044,'2020-01-24'),(3733,9,13,4,3381,'2020-12-18'),(3734,10,39,5,1044,'2020-01-16'),(3735,11,88,1,2409,'2020-10-02'),(3736,12,17,5,4359,'2020-10-25'),(3737,13,3,8,3977,'2020-02-22'),(3738,14,98,9,4675,'2020-01-07'),(3739,15,1,4,4304,'2020-06-26'),(3740,16,73,8,3338,'2020-11-03'),(3741,17,78,6,2387,'2020-03-14'),(3742,18,67,9,3913,'2020-04-18'),(3743,19,48,7,4274,'2020-11-02'),(3744,1,86,2,2543,'2020-04-02'),(3745,2,39,10,1044,'2020-08-22'),(3746,3,70,5,3228,'2020-12-08'),(3747,4,47,10,4841,'2020-08-28'),(3748,5,51,6,1280,'2020-02-08'),(3749,6,79,2,1704,'2020-04-19'),(3750,7,34,3,4762,'2020-05-06'),(3751,8,31,2,2627,'2020-02-18'),(3752,9,89,8,4854,'2020-07-16'),(3753,10,62,7,3677,'2020-03-20'),(3754,11,47,9,4841,'2020-05-04'),(3755,12,46,2,4157,'2020-09-26'),(3756,13,95,6,2128,'2020-02-09'),(3757,14,52,5,3570,'2020-02-21'),(3758,15,79,9,1704,'2020-11-21'),(3759,16,36,6,3292,'2020-11-25'),(3760,17,25,3,4751,'2020-11-30'),(3761,18,10,5,2368,'2020-11-25'),(3762,19,91,9,4263,'2020-03-24'),(3763,1,40,10,3240,'2020-03-16'),(3764,2,43,5,2783,'2020-01-02'),(3765,3,43,6,2783,'2020-12-05'),(3766,4,98,9,4675,'2020-02-01'),(3767,5,35,6,1320,'2020-08-24'),(3768,6,17,6,4359,'2020-02-02'),(3769,7,38,5,3881,'2020-01-15'),(3770,8,47,4,4841,'2020-05-26'),(3771,9,55,6,3500,'2020-06-07'),(3772,10,57,5,3413,'2020-11-06'),(3773,11,43,4,2783,'2020-07-22'),(3774,12,55,1,3500,'2020-04-05'),(3775,13,39,10,1044,'2020-06-26'),(3776,14,81,3,1073,'2020-04-24'),(3777,15,27,8,4931,'2020-01-10'),(3778,16,77,10,2515,'2020-04-26'),(3779,17,66,5,3699,'2020-06-16'),(3780,18,40,1,3240,'2020-03-07'),(3781,19,67,6,3913,'2020-09-16'),(3782,1,50,1,2945,'2020-07-09'),(3783,2,20,7,2452,'2020-09-24'),(3784,3,83,8,4074,'2020-06-20'),(3785,4,11,1,2702,'2020-01-08'),(3786,5,19,2,4586,'2020-02-26'),(3787,6,2,4,2276,'2020-11-09'),(3788,7,82,2,1841,'2020-10-07'),(3789,8,51,7,1280,'2020-07-12'),(3790,9,10,3,2368,'2020-01-19'),(3791,10,33,6,1266,'2020-11-06'),(3792,11,6,7,2030,'2020-01-30'),(3793,12,51,6,1280,'2020-09-26'),(3794,13,29,9,1068,'2020-02-05'),(3795,14,75,10,4605,'2020-06-17'),(3796,15,24,10,1916,'2020-12-28'),(3797,16,59,8,4645,'2020-06-26'),(3798,17,59,4,4645,'2020-07-14'),(3799,18,35,8,1320,'2020-04-27'),(3800,19,89,8,4854,'2020-09-09');
/*!40000 ALTER TABLE `orders` ENABLE KEYS */;
UNLOCK TABLES;

--
-- Table structure for table `salaries`
--

DROP TABLE IF EXISTS `salaries`;
/*!40101 SET @saved_cs_client     = @@character_set_client */;
/*!50503 SET character_set_client = utf8mb4 */;
CREATE TABLE `salaries` (
  `id` int NOT NULL,
  `employee_id` int DEFAULT NULL,
  `payment` int DEFAULT NULL,
  `paid_date` date DEFAULT NULL,
  PRIMARY KEY (`id`)
) ENGINE=InnoDB DEFAULT CHARSET=utf8mb4 COLLATE=utf8mb4_0900_ai_ci;
/*!40101 SET character_set_client = @saved_cs_client */;

--
-- Dumping data for table `salaries`
--

LOCK TABLES `salaries` WRITE;
/*!40000 ALTER TABLE `salaries` DISABLE KEYS */;
INSERT INTO `salaries` VALUES (1,1,9829260,'2021-01-01'),(2,1,10082381,'2021-02-01'),(3,1,9942972,'2021-03-01'),(4,1,9586799,'2021-04-01'),(5,1,10878494,'2021-05-01'),(6,1,9175944,'2021-06-01'),(7,1,9632887,'2021-07-01'),(8,1,10313783,'2021-08-01'),(9,1,9507970,'2021-09-01'),(10,1,10039281,'2021-10-01'),(11,1,10415343,'2021-11-01'),(12,1,9128198,'2021-12-01'),(13,2,8291623,'2021-01-01'),(14,2,8161248,'2021-02-01'),(15,2,9905203,'2021-03-01'),(16,2,9038799,'2021-04-01'),(17,2,9124918,'2021-05-01'),(18,2,8628582,'2021-06-01'),(19,2,8951533,'2021-07-01'),(20,2,9548878,'2021-08-01'),(21,2,9988013,'2021-09-01'),(22,2,9075653,'2021-10-01'),(23,2,9875391,'2021-11-01'),(24,2,8441957,'2021-12-01'),(25,3,9438777,'2021-01-01'),(26,3,9569865,'2021-02-01'),(27,3,9296984,'2021-03-01'),(28,3,9343903,'2021-04-01'),(29,3,9298830,'2021-05-01'),(30,3,9289560,'2021-06-01'),(31,3,9860518,'2021-07-01'),(32,3,9213710,'2021-08-01'),(33,3,8387491,'2021-09-01'),(34,3,9924479,'2021-10-01'),(35,3,9553932,'2021-11-01'),(36,3,8083662,'2021-12-01'),(37,4,8215818,'2021-01-01'),(38,4,8697307,'2021-02-01'),(39,4,8040897,'2021-03-01'),(40,4,7537492,'2021-04-01'),(41,4,8135482,'2021-05-01'),(42,4,9012648,'2021-06-01'),(43,4,8774248,'2021-07-01'),(44,4,9107316,'2021-08-01'),(45,4,8373751,'2021-09-01'),(46,4,7678833,'2021-10-01'),(47,4,8250497,'2021-11-01'),(48,4,8310714,'2021-12-01'),(49,5,9189552,'2021-01-01'),(50,5,8138752,'2021-02-01'),(51,5,9327044,'2021-03-01'),(52,5,8603703,'2021-04-01'),(53,5,8692801,'2021-05-01'),(54,5,9199105,'2021-06-01'),(55,5,8297517,'2021-07-01'),(56,5,7775342,'2021-08-01'),(57,5,8297870,'2021-09-01'),(58,5,9022615,'2021-10-01'),(59,5,8210711,'2021-11-01'),(60,5,8075736,'2021-12-01'),(61,6,8353697,'2021-01-01'),(62,6,8526099,'2021-02-01'),(63,6,8591398,'2021-03-01'),(64,6,8252979,'2021-04-01'),(65,6,9126728,'2021-05-01'),(66,6,9492303,'2021-06-01'),(67,6,7748466,'2021-07-01'),(68,6,8806589,'2021-08-01'),(69,6,7636512,'2021-09-01'),(70,6,7744287,'2021-10-01'),(71,6,9221801,'2021-11-01'),(72,6,8997512,'2021-12-01'),(73,7,9378167,'2021-01-01'),(74,7,7788883,'2021-02-01'),(75,7,7908748,'2021-03-01'),(76,7,8862839,'2021-04-01'),(77,7,8768523,'2021-05-01'),(78,7,7760488,'2021-06-01'),(79,7,9101559,'2021-07-01'),(80,7,8105402,'2021-08-01'),(81,7,9346224,'2021-09-01'),(82,7,7850720,'2021-10-01'),(83,7,7945290,'2021-11-01'),(84,7,8287056,'2021-12-01'),(85,8,7715908,'2021-01-01'),(86,8,7847246,'2021-02-01'),(87,8,7674052,'2021-03-01'),(88,8,8105930,'2021-04-01'),(89,8,8891928,'2021-05-01'),(90,8,7250284,'2021-06-01'),(91,8,7437253,'2021-07-01'),(92,8,7780218,'2021-08-01'),(93,8,7501959,'2021-09-01'),(94,8,8890063,'2021-10-01'),(95,8,7456162,'2021-11-01'),(96,8,7507935,'2021-12-01'),(97,9,8760866,'2021-01-01'),(98,9,7140756,'2021-02-01'),(99,9,7106451,'2021-03-01'),(100,9,8642664,'2021-04-01'),(101,9,7495386,'2021-05-01'),(102,9,8918773,'2021-06-01'),(103,9,7882922,'2021-07-01'),(104,9,7737988,'2021-08-01'),(105,9,7057678,'2021-09-01'),(106,9,7652236,'2021-10-01'),(107,9,7707469,'2021-11-01'),(108,9,8415121,'2021-12-01'),(109,10,7328029,'2021-01-01'),(110,10,7938397,'2021-02-01'),(111,10,7648068,'2021-03-01'),(112,10,8693489,'2021-04-01'),(113,10,7771321,'2021-05-01'),(114,10,8103346,'2021-06-01'),(115,10,7764878,'2021-07-01'),(116,10,8870897,'2021-08-01'),(117,10,7380548,'2021-09-01'),(118,10,8151155,'2021-10-01'),(119,10,8519775,'2021-11-01'),(120,10,7336496,'2021-12-01'),(121,11,7147570,'2021-01-01'),(122,11,8305663,'2021-02-01'),(123,11,8445257,'2021-03-01'),(124,11,8497453,'2021-04-01'),(125,11,7896225,'2021-05-01'),(126,11,7194627,'2021-06-01'),(127,11,8090260,'2021-07-01'),(128,11,8556937,'2021-08-01'),(129,11,7801457,'2021-09-01'),(130,11,7711527,'2021-10-01'),(131,11,8730487,'2021-11-01'),(132,11,8573912,'2021-12-01'),(133,12,7578108,'2021-01-01'),(134,12,7582387,'2021-02-01'),(135,12,7254668,'2021-03-01'),(136,12,7055106,'2021-04-01'),(137,12,7008818,'2021-05-01'),(138,12,7731373,'2021-06-01'),(139,12,8752486,'2021-07-01'),(140,12,8322430,'2021-08-01'),(141,12,7723739,'2021-09-01'),(142,12,7992327,'2021-10-01'),(143,12,7356421,'2021-11-01'),(144,12,7269778,'2021-12-01'),(145,13,7096940,'2021-01-01'),(146,13,6266096,'2021-02-01'),(147,13,7700519,'2021-03-01'),(148,13,7639854,'2021-04-01'),(149,13,6885172,'2021-05-01'),(150,13,7213092,'2021-06-01'),(151,13,7959941,'2021-07-01'),(152,13,6921286,'2021-08-01'),(153,13,7720349,'2021-09-01'),(154,13,6606482,'2021-10-01'),(155,13,7219663,'2021-11-01'),(156,13,7591017,'2021-12-01'),(157,14,6346420,'2021-01-01'),(158,14,7338120,'2021-02-01'),(159,14,7676846,'2021-03-01'),(160,14,6423192,'2021-04-01'),(161,14,7692228,'2021-05-01'),(162,14,6203755,'2021-06-01'),(163,14,7091221,'2021-07-01'),(164,14,6576635,'2021-08-01'),(165,14,6994876,'2021-09-01'),(166,14,6479202,'2021-10-01'),(167,14,6835923,'2021-11-01'),(168,14,6857578,'2021-12-01'),(169,15,6266807,'2021-01-01'),(170,15,6554953,'2021-02-01'),(171,15,6890553,'2021-03-01'),(172,15,6669602,'2021-04-01'),(173,15,6836927,'2021-05-01'),(174,15,7423000,'2021-06-01'),(175,15,7980500,'2021-07-01'),(176,15,7299150,'2021-08-01'),(177,15,7943688,'2021-09-01'),(178,15,7619786,'2021-10-01'),(179,15,6965870,'2021-11-01'),(180,15,6445143,'2021-12-01'),(181,16,5675048,'2021-01-01'),(182,16,5797016,'2021-02-01'),(183,16,5079420,'2021-03-01'),(184,16,6071726,'2021-04-01'),(185,16,6091131,'2021-05-01'),(186,16,5731252,'2021-06-01'),(187,16,6622767,'2021-07-01'),(188,16,6081046,'2021-08-01'),(189,16,5073259,'2021-09-01'),(190,16,6298166,'2021-10-01'),(191,16,5022479,'2021-11-01'),(192,16,6917237,'2021-12-01'),(193,17,5269168,'2021-01-01'),(194,17,5717938,'2021-02-01'),(195,17,5313178,'2021-03-01'),(196,17,5351917,'2021-04-01'),(197,17,5418568,'2021-05-01'),(198,17,5973060,'2021-06-01'),(199,17,5129281,'2021-07-01'),(200,17,6716755,'2021-08-01'),(201,17,5567142,'2021-09-01'),(202,17,5670348,'2021-10-01'),(203,17,6561201,'2021-11-01'),(204,17,6083897,'2021-12-01'),(205,18,6594683,'2021-01-01'),(206,18,6682439,'2021-02-01'),(207,18,6106174,'2021-03-01'),(208,18,6251855,'2021-04-01'),(209,18,6906812,'2021-05-01'),(210,18,5347554,'2021-06-01'),(211,18,5443332,'2021-07-01'),(212,18,6397062,'2021-08-01'),(213,18,6797011,'2021-09-01'),(214,18,6422969,'2021-10-01'),(215,18,5896736,'2021-11-01'),(216,18,5705847,'2021-12-01');
/*!40000 ALTER TABLE `salaries` ENABLE KEYS */;
UNLOCK TABLES;

--
-- Table structure for table `stores`
--

DROP TABLE IF EXISTS `stores`;
/*!40101 SET @saved_cs_client     = @@character_set_client */;
/*!50503 SET character_set_client = utf8mb4 */;
CREATE TABLE `stores` (
  `id` int NOT NULL,
  `name` varchar(255) DEFAULT NULL,
  PRIMARY KEY (`id`)
) ENGINE=InnoDB DEFAULT CHARSET=utf8mb4 COLLATE=utf8mb4_0900_ai_ci;
/*!40101 SET character_set_client = @saved_cs_client */;

--
-- Dumping data for table `stores`
--

LOCK TABLES `stores` WRITE;
/*!40000 ALTER TABLE `stores` DISABLE KEYS */;
INSERT INTO `stores` VALUES (1,'山田商店'),(2,'酒井工業'),(3,'石井電機'),(4,'ソニックス'),(5,'中村商店'),(6,'任地堂'),(7,'スクニ―'),(8,'トイランド'),(9,'ドルチ＆ガッパーン'),(10,'石川工業');
/*!40000 ALTER TABLE `stores` ENABLE KEYS */;
UNLOCK TABLES;

--
-- Table structure for table `students`
--

DROP TABLE IF EXISTS `students`;
/*!40101 SET @saved_cs_client     = @@character_set_client */;
/*!50503 SET character_set_client = utf8mb4 */;
CREATE TABLE `students` (
  `id` int NOT NULL,
  `first_name` varchar(50) DEFAULT NULL,
  `last_name` varchar(50) DEFAULT NULL,
  `grade` int DEFAULT NULL,
  PRIMARY KEY (`id`)
) ENGINE=InnoDB DEFAULT CHARSET=utf8mb4 COLLATE=utf8mb4_0900_ai_ci;
/*!40101 SET character_set_client = @saved_cs_client */;

--
-- Dumping data for table `students`
--

LOCK TABLES `students` WRITE;
/*!40000 ALTER TABLE `students` DISABLE KEYS */;
INSERT INTO `students` VALUES (1,'太郎','清水',1),(2,'春香','山崎',1),(3,'陽一','山田',1),(4,'くみ子','山口',1),(5,'拓真','中村',1),(6,'篤司','池田',1),(7,'涼平','佐藤',1),(8,'知実','鈴木',1),(9,'直人','小林',1),(10,'零','橋本',1),(11,'京助','山口',1),(12,'篤司','森',1),(13,'健一','三浦',1),(14,'涼平','田中',1),(15,'舞','小川',1),(16,'拓真','長谷川',1),(17,'加奈','山崎',1),(18,'智也','斎藤',1),(19,'直子','加藤',1),(20,'香織','山口',1),(21,'結衣','青木',2),(22,'あすか','三浦',2),(23,'浩','木村',2),(24,'陽子','佐藤',2),(25,'淳','岡本',2),(26,'花子','山崎',2),(27,'淳','石川',2),(28,'稔','松田',2),(29,'充','斎藤',2),(30,'充','加藤',2),(31,'知実','村上',2),(32,'裕樹','鈴木',2),(33,'健一','高橋',2),(34,'知実','高橋',2),(35,'七夏','斎藤',2),(36,'修平','斉藤',2),(37,'聡太郎','松田',2),(38,'学','井上',2),(39,'くみ子','高橋',2),(40,'七夏','渡辺',2),(41,'洋介','渡辺',3),(42,'幹','佐々木',3),(43,'晃','佐藤',3),(44,'花子','吉田',3),(45,'浩','松田',3),(46,'修平','斉藤',3),(47,'翔太','山本',3),(48,'裕樹','長谷川',3),(49,'くみ子','鈴木',3),(50,'拓真','福田',3),(51,'春香','渡辺',3),(52,'零','井上',3),(53,'治','田中',3),(54,'あすか','鈴木',3),(55,'直人','田中',3),(56,'くみ子','田中',3),(57,'直樹','松本',3),(58,'美加子','吉田',3),(59,'太一','近藤',3),(60,'淳','小林',3),(61,'幹','太田',4),(62,'涼平','山本',4),(63,'健一','近藤',4),(64,'充','高橋',4),(65,'春香','林',4),(66,'翔太','松本',4),(67,'花子','田中',4),(68,'京助','小林',4),(69,'拓真','吉田',4),(70,'聡太郎','福田',4),(71,'直人','遠藤',4),(72,'涼平','清水',4),(73,'陽一','伊藤',4),(74,'京助','坂本',4),(75,'さゆり','前田',4),(76,'幹','山下',4),(77,'翔太','石井',4),(78,'直子','池田',4),(79,'聡太郎','山田',4),(80,'さゆり','斉藤',4);
/*!40000 ALTER TABLE `students` ENABLE KEYS */;
UNLOCK TABLES;

--
-- Table structure for table `users`
--

DROP TABLE IF EXISTS `users`;
/*!40101 SET @saved_cs_client     = @@character_set_client */;
/*!50503 SET character_set_client = utf8mb4 */;
CREATE TABLE `users` (
  `id` int NOT NULL,
  `first_name` varchar(50) DEFAULT NULL,
  `last_name` varchar(50) DEFAULT NULL,
  PRIMARY KEY (`id`)
) ENGINE=InnoDB DEFAULT CHARSET=utf8mb4 COLLATE=utf8mb4_0900_ai_ci;
/*!40101 SET character_set_client = @saved_cs_client */;

--
-- Dumping data for table `users`
--

LOCK TABLES `users` WRITE;
/*!40000 ALTER TABLE `users` DISABLE KEYS */;
INSERT INTO `users` VALUES (1,'太郎','清水'),(2,'春香','山崎'),(3,'陽一','山田'),(4,'くみ子','山口'),(5,'拓真','中村'),(6,'篤司','池田'),(7,'涼平','佐藤'),(8,'知実','鈴木'),(9,'涼平','田中'),(10,'拓真','長谷川'),(11,'加奈','山崎'),(12,'智也','斎藤'),(13,'陽子','佐藤'),(14,'淳','岡本'),(15,'花子','山崎'),(16,'淳','石川'),(17,'稔','松田'),(18,'充','斎藤'),(19,'充','加藤'),(20,'知実','村上'),(21,'裕樹','鈴木'),(22,'健一','高橋'),(23,'くみ子','高橋'),(24,'七夏','渡辺'),(25,'洋介','渡辺'),(26,'幹','佐々木'),(27,'晃','佐藤'),(28,'花子','吉田'),(29,'浩','松田'),(30,'修平','斉藤'),(31,'翔太','山本'),(32,'裕樹','長谷川'),(33,'くみ子','鈴木'),(34,'あすか','鈴木'),(35,'直人','田中'),(36,'くみ子','田中'),(37,'直樹','松本'),(38,'美加子','吉田'),(39,'太一','近藤'),(40,'淳','小林'),(41,'幹','太田'),(42,'涼平','山本'),(43,'翔太','松本'),(44,'花子','田中'),(45,'京助','小林'),(46,'拓真','吉田'),(47,'聡太郎','福田'),(48,'直人','遠藤'),(49,'涼平','清水'),(50,'陽一','伊藤'),(51,'聡太郎','山田'),(52,'さゆり','斉藤');
/*!40000 ALTER TABLE `users` ENABLE KEYS */;
UNLOCK TABLES;

--
-- Dumping routines for database 'day_10_14_db'
--
/*!40103 SET TIME_ZONE=@OLD_TIME_ZONE */;

/*!40101 SET SQL_MODE=@OLD_SQL_MODE */;
/*!40014 SET FOREIGN_KEY_CHECKS=@OLD_FOREIGN_KEY_CHECKS */;
/*!40014 SET UNIQUE_CHECKS=@OLD_UNIQUE_CHECKS */;
/*!40101 SET CHARACTER_SET_CLIENT=@OLD_CHARACTER_SET_CLIENT */;
/*!40101 SET CHARACTER_SET_RESULTS=@OLD_CHARACTER_SET_RESULTS */;
/*!40101 SET COLLATION_CONNECTION=@OLD_COLLATION_CONNECTION */;
/*!40111 SET SQL_NOTES=@OLD_SQL_NOTES */;

-- Dump completed on 2022-03-12 20:53:30
