-- MySQL dump 10.13  Distrib 8.0.28, for Win64 (x86_64)
--
-- Host: 127.0.0.1    Database: day_4_7_db
-- ------------------------------------------------------
-- Server version	8.0.28

/*!40101 SET @OLD_CHARACTER_SET_CLIENT=@@CHARACTER_SET_CLIENT */;
/*!40101 SET @OLD_CHARACTER_SET_RESULTS=@@CHARACTER_SET_RESULTS */;
/*!40101 SET @OLD_COLLATION_CONNECTION=@@COLLATION_CONNECTION */;
/*!50503 SET NAMES utf8mb4 */;
/*!40103 SET @OLD_TIME_ZONE=@@TIME_ZONE */;
/*!40103 SET TIME_ZONE='+00:00' */;
/*!40014 SET @OLD_UNIQUE_CHECKS=@@UNIQUE_CHECKS, UNIQUE_CHECKS=0 */;
/*!40014 SET @OLD_FOREIGN_KEY_CHECKS=@@FOREIGN_KEY_CHECKS, FOREIGN_KEY_CHECKS=0 */;
/*!40101 SET @OLD_SQL_MODE=@@SQL_MODE, SQL_MODE='NO_AUTO_VALUE_ON_ZERO' */;
/*!40111 SET @OLD_SQL_NOTES=@@SQL_NOTES, SQL_NOTES=0 */;

--
-- Table structure for table `customers`
--

DROP TABLE IF EXISTS `customers`;
/*!40101 SET @saved_cs_client     = @@character_set_client */;
/*!50503 SET character_set_client = utf8mb4 */;
CREATE TABLE `customers` (
  `id` int NOT NULL,
  `name` varchar(255) DEFAULT NULL,
  `age` int DEFAULT NULL,
  `birth_day` date DEFAULT NULL,
  PRIMARY KEY (`id`)
) ENGINE=InnoDB DEFAULT CHARSET=utf8mb4 COLLATE=utf8mb4_0900_ai_ci;
/*!40101 SET character_set_client = @saved_cs_client */;

--
-- Dumping data for table `customers`
--

LOCK TABLES `customers` WRITE;
/*!40000 ALTER TABLE `customers` DISABLE KEYS */;
INSERT INTO `customers` VALUES (1,'河野 文典',42,'1979-03-06'),(2,'稲田 季雄',28,'1993-11-25'),(3,'岡田 結衣',44,'1977-04-04'),(4,'松崎 厚哉',49,'1973-02-04'),(5,'松崎 真理',47,'1974-08-26'),(6,NULL,0,NULL),(7,'須田 宏幸',51,'1970-04-13'),(8,'平山 良秋',39,'1982-03-27'),(9,'佐々木 冬樹',38,'1983-08-03'),(10,'近藤 千津',0,NULL),(11,'松野 満生',51,'1971-01-22'),(12,'坂本 織枝',36,'1985-10-07'),(13,'太田 結衣',35,'1986-07-24'),(14,'内田 美津江',33,'1989-01-11'),(15,'小倉 忠博',40,'1981-11-12'),(16,'下田 千恵',43,'1978-11-27'),(17,'関根 泰秀',45,'1976-12-23'),(18,'金田 恒之',36,'1986-01-06'),(19,'原口 朋美',27,'1994-04-05'),(20,'長島 由文',42,'1979-04-15'),(21,'日野 裕史',42,'1979-12-26'),(22,'林田 宜昭',35,'1986-06-22'),(23,'西 幸四郎',37,'1984-05-11'),(24,'遠藤 哲哉',41,'1980-03-31'),(25,'黒木 辰己',42,'1979-02-27'),(26,NULL,44,'1977-06-28'),(27,'畠山 織枝',39,'1982-04-26'),(28,'中山 勝弘',36,'1985-05-08'),(29,'大川 戴三',38,'1984-01-02'),(30,'吉本 雅',30,'1991-05-06'),(31,'宮内 憲志',33,'1988-11-11'),(32,'河野 智子',39,'1982-08-21'),(33,'川野 ひとみ',29,'1992-09-08'),(34,'牧野 豊司',49,'1972-03-06'),(35,'内藤 成美',34,'1987-04-15'),(36,'水野 直紀',46,'1975-03-13'),(37,'奥田 順子',30,'1991-12-21'),(38,'栗田 越子',43,'1978-06-01'),(39,'神田 慎吾',50,'1971-11-15'),(40,'稲葉 泳助',39,'1983-02-08'),(41,'田島 亜由美',38,'1983-11-01'),(42,'高井 房実',38,'1983-11-05'),(43,'三浦 勝司',42,'1979-04-28'),(44,'丹羽 一人',46,'1976-01-20'),(45,'長野 凱次',32,'1989-11-07'),(46,'本間 元臣',39,'1983-02-12'),(47,'橋本 則昭',47,'1974-11-30'),(48,'石崎 郁穂',50,'1971-12-05'),(49,'滝沢 清名',42,'1979-07-02'),(50,'小笠原 百里子',41,'1980-10-15'),(51,'金田 繁美',31,'1990-02-28'),(52,'山根 晴仁',44,'1977-09-02'),(53,'千葉 敬吉',37,'1984-12-11'),(54,'小田 育雄',50,'1971-11-29'),(55,'矢島 亀男',46,'1975-04-20'),(56,'笠井 知生',51,'1971-01-19'),(57,'田村 波子',32,'1989-06-25'),(58,'松永 秋徳',39,'1982-08-03'),(59,'村瀬 由雄',48,'1973-06-16'),(60,'大石 幸博',49,'1972-03-19'),(61,'松永 十四夫',28,'1993-04-27'),(62,'坂井 多栄子',36,'1985-05-11'),(63,'中村 朋子',30,'1991-02-18'),(64,'内海 裕恵',31,'1990-05-26'),(65,'村田 定二',27,'1994-04-04'),(66,'小倉 政広',30,'1991-03-15'),(67,'坂本 敬吉',30,'1991-04-20'),(68,'小泉 力弥',45,'1976-12-19'),(69,'栗原 恵志',38,'1984-02-07'),(70,'森川 留三',37,'1984-04-01'),(71,'永野 晶紀',43,'1978-08-10'),(72,'大西 祐次郎',27,'1994-02-25'),(73,'上原 秀次郎',37,'1984-10-28'),(74,'三好 繁樹',28,'1993-05-31'),(75,'川口 咲子',44,'1977-05-26'),(76,'菅 雅',52,'1970-01-17'),(77,'西川 仁美',47,'1974-03-27'),(78,'入江 信弥',42,'1979-05-12'),(79,'大内 優香',38,'1983-03-08'),(80,'鈴木 鉄次',37,'1984-03-29'),(81,'西川 倉美',33,'1988-05-14'),(82,'岸本 秋代',30,'1991-04-08'),(83,'西川 由紀雄',43,'1978-05-01'),(84,'北島 宏侑',38,'1983-04-15'),(85,'奥村 泰美',48,'1973-09-12'),(86,'加納 純太',29,'1992-06-29'),(87,'三谷 ハルノ',30,'1991-12-20'),(88,'岡村 幾江',27,'1994-11-18'),(89,'加藤 直広',34,'1988-02-05'),(90,'宮下 良秋',28,'1993-07-26'),(91,'植田 則昭',47,'1974-08-26'),(92,'溝口 梨絵',39,'1982-07-11'),(93,'福田 一人',30,'1991-04-01'),(94,'岡野 忠之',30,'1991-02-19'),(95,'石井 晴生',44,'1977-08-13'),(96,'中原 由文',42,'1979-05-29'),(97,'原 梨華',44,'1977-05-29'),(98,'松田 幸村',39,'1982-05-06'),(99,'上村 千琴',33,'1988-05-27'),(100,'遠藤 千絵子',41,'1980-08-17');
/*!40000 ALTER TABLE `customers` ENABLE KEYS */;
UNLOCK TABLES;

--
-- Table structure for table `employees`
--

DROP TABLE IF EXISTS `employees`;
/*!40101 SET @saved_cs_client     = @@character_set_client */;
/*!50503 SET character_set_client = utf8mb4 */;
CREATE TABLE `employees` (
  `id` int NOT NULL,
  `department` varchar(255) DEFAULT NULL,
  `name` varchar(255) DEFAULT NULL,
  `age` int DEFAULT NULL,
  `salary` int DEFAULT NULL,
  PRIMARY KEY (`id`)
) ENGINE=InnoDB DEFAULT CHARSET=utf8mb4 COLLATE=utf8mb4_0900_ai_ci;
/*!40101 SET character_set_client = @saved_cs_client */;

--
-- Dumping data for table `employees`
--

LOCK TABLES `employees` WRITE;
/*!40000 ALTER TABLE `employees` DISABLE KEYS */;
INSERT INTO `employees` VALUES (1,' 営業部 ','溝口 健之',24,2887782),(2,' 経理部 ','大木 梨枝子',39,5331340),(3,' 研究部 ','久保田 貴浩',45,4458032),(4,' 営業部 ','竹田 洋昌',37,2276079),(5,' 開発部 ','荻野 謙三  ',31,3141019),(6,' 開発部 ','林 朋美',35,3900369),(7,' 研究部 ','山中 時代',30,3034007),(8,' 開発部 ','川上 佳江',41,6472353),(9,' 開発部 ','栗田 雅',40,4690921),(10,' 研究部 ','大崎 光次',39,5791243),(11,' 総務部 ','斉藤 勝人',42,4851543),(12,' 開発部 ','東 圭織',23,5401684),(13,' 営業部 ','石橋 正征',32,5791779),(14,' 開発部 ','大崎 道貴',41,5985050),(15,' 研究部 ','大塚 直子',32,3599595),(16,' 経理部 ','大槻 冬樹',30,3315359),(17,' 総務部 ','庄司 訓',30,3861287),(18,' 総務部 ','宮内 世弥',41,6581634),(19,' 経理部 ','浅田 芳弘',25,5534374),(20,' 研究部 ','及川 あさ美',42,5841684),(21,' 総務部 ','本多 忠助',44,4282487),(22,' 営業部 ','堀川 雅宏',45,3769131),(23,' 営業部 ','小柳 敏江',26,4952893),(24,' 研究部 ','大竹 謙三',33,5198109),(25,' マーケティング部 ','根岸 洋助',38,4850883),(26,' マーケティング部 ','篠原 斎',23,2977146),(27,' 経理部 ','原 百里子',44,5594582),(28,' マーケティング部 ','村瀬 伝三郎',33,1837362),(29,' マーケティング部 ','中井 昌孝',24,2168096),(30,' 営業部 ','酒井 成夫',42,6286329),(31,' 営業部 ','三谷 留美子',34,6437721),(32,' 総務部 ','関口 昌昭',31,4606138),(33,' マーケティング部 ','久保 定行  ',30,5234076),(34,' 営業部 ','堀口 辰己',26,4840984),(35,' 開発部 ','福田 勝英',24,3098516),(36,' 開発部 ','溝口 雅',32,1063392),(37,' マーケティング部 ','津田 辰己',27,2044551),(38,' 営業部 ','飯島 英幸',42,5050803),(39,' マーケティング部 ','島崎 三佐男',35,1177761),(40,' 総務部 ','武藤 直美',37,5996577),(41,' 経理部 ','齋藤 美世',36,2017445),(42,' マーケティング部 ','米田 敬生',31,3180930),(43,' マーケティング部 ','角田 あさ美',27,1392404),(44,' マーケティング部 ','川野 初',45,4909115),(45,' 研究部 ','伊東 好利',24,3629726),(46,' 営業部 ','中川 洋昌',28,4036184),(47,' 総務部 ','菅野 友子',35,4978305),(48,' 開発部 ','平田 孝秀',36,1579255),(49,' 開発部 ','川田 義武',29,3025020),(50,' 経理部 ','足立 理沙',42,1245484),(51,' マーケティング部 ','金子 準郎',26,1246820),(52,' 営業部 ','落合 希',25,1961146),(53,' マーケティング部 ','鶴田 哲哉',23,2632830),(54,' マーケティング部 ','菊地 眞美',43,3624360),(55,' 研究部 ','川本 三佐男',38,5283867),(56,' マーケティング部 ','千田 健之',45,3864767),(57,' 総務部 ','西山 るり子',45,3889501),(58,' 総務部 ','千葉 共成',37,4047461),(59,' 開発部 ','宮原 優紀',42,1224754),(60,' 研究部 ','松永 仁美',31,1481161),(61,' 開発部 ','宮川 元三',30,1684069),(62,' 総務部 ','北原 康三',27,5125159),(63,' マーケティング部 ','川上 美智',31,4647671),(64,' 開発部 ','高木 和広',34,6400650),(65,' 開発部 ','茂木 ハルノ',23,6223783),(66,' 開発部 ','筒井 龍也',30,2392412),(67,' 総務部 ','星 道和',42,4184364),(68,' 総務部 ','斉藤 令',39,1461555),(69,' 開発部 ','湯浅 由水',45,2586263),(70,' 営業部 ','小坂 保行',36,5884030),(71,' マーケティング部 ','野口 喜代信',23,6109915),(72,' 営業部 ','工藤 康三',42,2453742),(73,' 研究部 ','入江 利浩',30,1822446),(74,' 研究部 ','福岡 禎二',30,3613536),(75,' 研究部 ','中島 彰揮',23,5449020),(76,' 研究部 ','中尾 兼典',34,5755340),(77,' 開発部 ','新谷 康三',27,6200058),(78,' 総務部 ','梅田 彦好',30,2851670),(79,' 経理部 ','東 利克',36,2435286),(80,' 研究部 ','荒川 正宣',38,1624676),(81,' 研究部 ','野沢 勤',37,5209560),(82,' 総務部 ','田原 沙耶香',25,5790608),(83,' 総務部 ','津田 知実',23,1562428),(84,' マーケティング部 ','山根 信広',23,5047839),(85,' 経理部 ','野沢 佐十郎',35,3804525),(86,' 経理部 ','浅田 純子',29,4797384),(87,' 営業部 ','西川 勇美',45,1252595),(88,' 研究部 ','堀川 宏機',32,5492164),(89,' マーケティング部 ','山下 玲',26,3669071),(90,' マーケティング部 ','永田 詔勝',37,2257470),(91,' マーケティング部 ','大竹 厚史',30,3386537),(92,' 営業部 ','五十嵐 酉蔵',37,4857905),(93,' 開発部 ','関 波子',33,1771219),(94,' 総務部 ','宇野 裕史',31,4628241),(95,' 研究部 ','竹内 朋美',38,3654389),(96,' 総務部 ','新田 尊則',41,4365623),(97,' マーケティング部 ','吉原 三光',45,4554558),(98,' 開発部 ','和田 結衣',41,3041776),(99,' 研究部 ','小林 友美',24,3510892),(100,' 開発部 ','坂本 眞八',25,5133281),(101,' 研究部 ','谷本 直広',38,6266639),(102,' 営業部 ','安部 真人',36,3732762),(103,' 研究部 ','川野 節美',28,5595496),(104,' 研究部 ','牧野 康伸',43,4530773),(105,' 総務部 ','伊東 常一',36,4941283),(106,' 総務部 ','長谷川 真人',37,6674481),(107,' 研究部 ','星 良弥',30,6225768),(108,' 経理部 ','千田 祥三',30,5690465),(109,' 総務部 ','早川 恒宏',45,3610258),(110,' マーケティング部 ','柳田 良秋',23,2532011),(111,' 研究部 ','富永 好利',43,4544740),(112,' マーケティング部 ','東 定二',42,3465037),(113,' マーケティング部 ','上村 一世',27,3803872),(114,' 営業部 ','高木 理佐',37,4612620),(115,' 総務部 ','宮内 真紀子',26,4477257),(116,' 経理部 ','手塚 華代',24,5335538),(117,' 経理部 ','西原 圭織',38,4723508),(118,' 営業部 ','荒井 勝司',40,4938721),(119,' 開発部 ','足立 拓夫',23,3472291),(120,' 開発部 ','菊池 理佐',31,5042328),(121,' 総務部 ','小松 火呂絵',43,4294326),(122,' マーケティング部 ','大川 広明',26,6342716),(123,' 開発部 ','村上 武久',27,4764382),(124,' 開発部 ','栗原 稔郎',42,3407104),(125,' 研究部 ','宮崎 みき',43,2250258),(126,' 経理部 ','山本 俊憲',40,5087009),(127,' マーケティング部 ','佐野 豊秋',38,5832179),(128,' 研究部 ','東 栄之介',29,4336396),(129,' マーケティング部 ','広瀬 重行',34,6736297),(130,' 開発部 ','山岸 麻琴',43,2446661),(131,' 開発部 ','金田 千代枝',35,3306168),(132,' 営業部 ','西村 多佳司',33,3179791),(133,' 開発部 ','西沢 とみ子',37,3159249),(134,' 総務部 ','渡部 嘉彦',26,5723632),(135,' 研究部 ','児玉 恵',31,2109367),(136,' 経理部 ','大崎 友恵',42,6868284),(137,' 開発部 ','角田 優紀',31,4898467),(138,' 経理部 ','内山 郁穂',41,4143431),(139,' マーケティング部 ','富田 昌孝',28,2027183),(140,' 経理部 ','近藤 道正',29,6693897),(141,' 開発部 ','関口 成男',26,6387793),(142,' マーケティング部 ','田島 一城',28,4281625),(143,' マーケティング部 ','入江 史男',24,6028618),(144,' 営業部 ','川本 一城',39,3527707),(145,' 研究部 ','茂木 美砂',41,4357921),(146,' 営業部 ','菅野 市雄',36,3407093),(147,' マーケティング部 ','木村 亮子',44,2347244),(148,' 研究部 ','吉村 敏継',45,4930854),(149,' 研究部 ','市川 亜衣',32,5201126),(150,' 総務部 ','鶴田 謹二',38,5879551),(151,' 開発部 ','菅野 邦煕',23,5295604),(152,' 研究部 ','上村 とみ子',38,3005847),(153,' 研究部 ','江口 杏子',33,3147691),(154,' 総務部 ','窪田 顕太郎',28,4647327),(155,' 営業部 ','川崎 真紀',43,5719336),(156,' 総務部 ','福原 好博',25,6650417),(157,' 経理部 ','金田 繁樹',35,1172537),(158,' 経理部 ','野口 幸博',40,1352255),(159,' 開発部 ','三上 信平',42,6702580),(160,' 開発部 ','三浦 謙三',26,6046222),(161,' 研究部 ','佐久間 希美江',38,2078106),(162,' 経理部 ','野口 裕史',27,6769833),(163,' 研究部 ','長尾 政年',23,3511025),(164,' 経理部 ','鈴木 教夫',39,4863260),(165,' 研究部 ','中山 留美子',38,5223121),(166,' マーケティング部 ','沢田 英充',31,5450935),(167,' 営業部 ','佐伯 由雄',33,6393086),(168,' 開発部 ','江口 義武',26,4847482),(169,' 研究部 ','大村 郁穂',29,2046314),(170,' 開発部 ','長尾 美砂',42,2758445),(171,' 営業部 ','内田 織枝',29,5300246),(172,' 営業部 ','岡村 鋭充',29,1995851),(173,' 研究部 ','野口 信',25,1098235),(174,' 営業部 ','荻野 公生',35,6699656),(175,' マーケティング部 ','福永 知生',44,5098802),(176,' 経理部 ','原口 希美江',42,3842048),(177,' 総務部 ','花田 理絵',23,6767973),(178,' 総務部 ','堀口 秀次郎',41,4289311),(179,' マーケティング部 ','竹内 史男',29,5101348),(180,' マーケティング部 ','阿部 教夫',28,3920653),(181,' 総務部 ','窪田 典生',25,3235611),(182,' 総務部 ','松岡 歩',45,6343526),(183,' 研究部 ','原 望',43,2148485),(184,' 開発部 ','田畑 敬生',36,4590459),(185,' 開発部 ','篠原 亜由美',37,2831393),(186,' 営業部 ','松島 悠里',40,5934366),(187,' 経理部 ','堀内 ハルノ',31,3037593),(188,' 開発部 ','小泉 正宣',25,3322825),(189,' 研究部 ','山中 公生',29,1690647),(190,' 研究部 ','本田 光次',44,5614953),(191,' 研究部 ','梶原 正保',30,3867973),(192,' 営業部 ','藤岡 三保子',34,5769122),(193,' マーケティング部 ','吉井 友美',31,5652472),(194,' 経理部 ','北原 俊彰',44,3619625),(195,' 営業部 ','石塚 優子',31,4168665),(196,' 営業部 ','東 孝成',44,2696195),(197,' 営業部 ','松永 望',32,4657580),(198,' 経理部 ','木下 倉美',30,1248148),(199,' 開発部 ','岩本 由雄',29,6118240),(200,' 営業部 ','長谷川 由文',24,4525774),(201,' 総務部 ','伊藤 敏継',36,4045245),(202,' 営業部 ','中田 達太郎',34,1725249),(203,' 研究部 ','山下 有',27,2056948),(204,' マーケティング部 ','荒木 理恵子',26,6738987),(205,' マーケティング部 ','藤沢 房男',27,6414137),(206,' 開発部 ','横田 鎮雄',43,1592070),(207,' マーケティング部 ','水谷 晴生',36,1779445),(208,' 経理部 ','堀川 一城',42,3922094),(209,' 総務部 ','黒川 都義',28,5547169),(210,' 経理部 ','北原 酉蔵',32,5165155),(211,' マーケティング部 ','松島 道貴',42,5493209),(212,' 総務部 ','藤岡 由雄',45,4558021),(213,' マーケティング部 ','松野 時代',40,1701308),(214,' 研究部 ','比嘉 孝次',25,1691618),(215,' 営業部 ','鶴田 宏幸',35,2587212),(216,' 営業部 ','三上 常次',27,6858736),(217,' 総務部 ','比嘉 満生',25,5046254),(218,' 経理部 ','手塚 忠和',35,5518869),(219,' 研究部 ','安井 宏季',33,2565585),(220,' マーケティング部 ','泉 直秋',30,6746467),(221,' 総務部 ','山岡 征輝',42,2298833),(222,' 経理部 ','島田 由紀雄',35,2687782),(223,' 総務部 ','野口 新太郎',24,4545114),(224,' 総務部 ','樋口 玲子',28,5572121),(225,' 営業部 ','神谷 貴浩',24,5439888),(226,' 経理部 ','西沢 亀男',44,2767939),(227,' 営業部 ','滝沢 忠秋',32,6713942),(228,' 経理部 ','村瀬 武久',42,2011020),(229,' 開発部 ','服部 成男',28,2640860),(230,' 研究部 ','高島 裕康',31,2887608),(231,' 総務部 ','松島 優子',45,2773796),(232,' 経理部 ','河野 直幸',45,2871485),(233,' 総務部 ','入江 三起',23,6358823),(234,' 営業部 ','比嘉 護',30,1023878),(235,' マーケティング部 ','大塚 時司',30,4580749),(236,' 営業部 ','塚本 康次',41,1409434),(237,' 開発部 ','杉原 菊子',44,2688095),(238,' マーケティング部 ','小柳 雅義',27,3613232),(239,' 経理部 ','平松 茂也',31,5032948),(240,' 総務部 ','長田 なつ子',40,4345923),(241,' 総務部 ','今野 希美',37,1866144),(242,' 経理部 ','今村 水泉',31,4626325),(243,' マーケティング部 ','石井 久志',45,1870048),(244,' 総務部 ','大森 登喜雄',40,3373731),(245,' 開発部 ','田代 嘉邦',41,3619060),(246,' マーケティング部 ','中原 知美',38,3084713),(247,' 経理部 ','千田 新太郎',32,4078841),(248,' マーケティング部 ','神谷 明寛',43,6033770),(249,' 経理部 ','宮城 功児',40,2826181),(250,' マーケティング部 ','長野 繁美',24,2673982),(251,' 研究部 ','Mr. Sean Espinoza',23,3716963),(252,' 営業部 ','Ms. Dabid Thomas',37,2937801),(253,' 経理部 ','Mr. Michelle Middleton ',28,1306286),(254,' 営業部 ','Mr. Frank Lyons',24,3106762),(255,' 営業部 ','Ms. Brooke Moore',23,2533487),(256,' 経理部 ','Mr. Brian Silva',26,6834022),(257,' 総務部 ','Ms. Alison Nash MD',29,6163927),(258,' 経理部 ','Ms. Rebecca Hernandez',23,6469025),(259,' 総務部 ','Mr. Christopher Smith',29,6928574),(260,' 営業部 ','Ms. James Hunt',37,3309897),(261,' 総務部 ','Ms. William Mcdonald',29,5439535),(262,' マーケティング部 ','Mr. Ashley Pittman',39,1847931),(263,' 研究部 ','Ms. Jenna Berry',34,4256259),(264,' 経理部 ','Mr. Sandra Lambert',35,2857233),(265,' 総務部 ','Mr. Anna Jackson',39,5430082),(266,' 総務部 ','Ms. Lauren Bell',27,1021414),(267,' 経理部 ','Ms. Jordan Garza',37,4608973),(268,' マーケティング部 ','Mr. Jennifer Ramsey',42,5170926),(269,' マーケティング部 ','Ms. Brian Franklin',33,3853398),(270,' 営業部 ','Ms. Blake Bentley ',24,1203222),(271,' 経理部 ','Mr. Bruce Harper',30,5239593),(272,' 営業部 ','Ms. Allison Clark',25,2696534),(273,' 営業部 ','Ms. Charles Huff',37,2777107),(274,' 総務部 ','Ms. Megan Harmon',25,6012993),(275,' 開発部 ','Ms. Curtis Brown',37,2431755),(276,' 営業部 ','Mr. Beth Gutierrez',42,3036590),(277,' 経理部 ','Ms. Ralph Rodriguez',43,1194968),(278,' 研究部 ','Ms. Allison Gonzales  ',36,5233803),(279,' 開発部 ','Mr. Glenn Porter',25,1730750),(280,' マーケティング部 ','Ms. Scott Anderson',45,5219472),(281,' 総務部 ','Mr. Jasmin Mcdonald',39,6563032),(282,' マーケティング部 ','Ms. Nancy Walker',31,4405667),(283,' 営業部 ','Ms. Lisa Williams',30,1855624),(284,' 開発部 ','Mr. Michelle Jackson',27,3754279),(285,' 総務部 ','Mr. Anna Baker',37,1560393),(286,' マーケティング部 ','Ms. Donna Walsh',37,6797553),(287,' 営業部 ','Mr. Breanna Moore',40,5701724),(288,' 研究部 ','Mr. Jamie Rivera',35,5861860),(289,' 経理部 ','Ms. Amanda Taylor',44,1706669),(290,' 研究部 ','Mr. Donna Johnson',35,5146014),(291,' 研究部 ','Mr. Jeffrey Hopkins',33,1623055),(292,' 営業部 ','Mr. Fred Mclaughlin',43,4040025),(293,' 総務部 ','Ms. Benjamin Rivas',36,4890045),(294,' 総務部 ','Ms. Peter Vazquez',40,6915120),(295,' 研究部 ','Ms. Derrick Campbell',40,3922010),(296,' 経理部 ','Ms. Laura Nguyen',41,2284576),(297,' 総務部 ','Mr. Joseph Becker',24,1765884),(298,' 研究部 ','Mr. Matthew Diaz',40,5705100),(299,' マーケティング部 ','Ms. Lynn Wood',42,4974775),(300,' 総務部 ','Mr. Laura Watkins',26,3347770);
/*!40000 ALTER TABLE `employees` ENABLE KEYS */;
UNLOCK TABLES;

--
-- Table structure for table `new_students`
--

DROP TABLE IF EXISTS `new_students`;
/*!40101 SET @saved_cs_client     = @@character_set_client */;
/*!50503 SET character_set_client = utf8mb4 */;
CREATE TABLE `new_students` (
  `id` int NOT NULL,
  `name` varchar(255) DEFAULT NULL,
  `height` decimal(10,0) DEFAULT NULL,
  `weight` decimal(10,0) DEFAULT NULL,
  `class_no` int DEFAULT NULL,
  PRIMARY KEY (`id`)
) ENGINE=InnoDB DEFAULT CHARSET=utf8mb4 COLLATE=utf8mb4_0900_ai_ci;
/*!40101 SET character_set_client = @saved_cs_client */;

--
-- Dumping data for table `new_students`
--

LOCK TABLES `new_students` WRITE;
/*!40000 ALTER TABLE `new_students` DISABLE KEYS */;
INSERT INTO `new_students` VALUES (1,'今野 耕介',170,66,6),(2,'根本 仁美',154,71,1),(3,'伊東 元久',150,78,2),(6,'荒井 鋭充',153,81,6),(9,'金田 美津江',150,77,6),(10,'藤井 志奈',167,74,6),(20,'大久保 武士',170,66,6),(21,'金城 兵吉',176,79,3),(301,'小林 菊子',155,61,4),(302,'田上 武俊',162,76,3),(303,'川端 健児',178,80,4),(304,'近藤 静市',178,68,2),(305,'岡田 良信',171,70,4),(306,'荻野 一馬',170,70,4),(307,'福原 泰美',162,73,4),(308,'西沢 戴三',157,66,6),(309,'佐野 あさ美',173,62,3),(310,'西沢 弘義',161,71,1),(311,'武井 久仁夫',155,66,2),(312,'青山 朋美',174,64,3),(313,'内藤 由枝',152,61,4),(314,'小倉 越子',157,67,4),(315,'藤沢 裕康',153,61,3),(316,'出口 寿美',161,79,3),(317,'村上 斎',158,62,6),(318,'村井 克',167,71,4),(319,'森山 泰央',167,61,1),(320,'田中 十四夫',159,63,6),(321,'篠原 一世',170,70,4),(322,'岸本 是則',179,61,4),(323,'山下 知子',165,67,2),(324,'渡辺 久近',152,61,5),(325,'吉川 雅美',161,64,1),(326,'村山 斎',162,74,3),(327,'藤本 華代',167,67,5),(328,'井口 佐千雄',160,73,4),(329,'大森 文之',151,60,4),(330,'石崎 利人',163,66,1),(331,'松崎 貢太郎',174,65,2),(332,'山岡 凱次',150,75,2),(333,'山中 久近',163,62,4),(334,'日高 志奈',155,65,6),(335,'平松 美波留',150,66,6),(336,'土田 勝司',176,60,4),(337,'北野 市雄',166,64,2),(338,'出口 好和',180,71,2),(339,'松本 正輝',159,61,3),(340,'荒川 美喜夫',179,68,4),(341,'堀川 迪子',177,77,5);
/*!40000 ALTER TABLE `new_students` ENABLE KEYS */;
UNLOCK TABLES;

--
-- Table structure for table `prefectures`
--

DROP TABLE IF EXISTS `prefectures`;
/*!40101 SET @saved_cs_client     = @@character_set_client */;
/*!50503 SET character_set_client = utf8mb4 */;
CREATE TABLE `prefectures` (
  `id` int NOT NULL,
  `name` varchar(4) DEFAULT NULL,
  PRIMARY KEY (`id`)
) ENGINE=InnoDB DEFAULT CHARSET=utf8mb4 COLLATE=utf8mb4_0900_ai_ci;
/*!40101 SET character_set_client = @saved_cs_client */;

--
-- Dumping data for table `prefectures`
--

LOCK TABLES `prefectures` WRITE;
/*!40000 ALTER TABLE `prefectures` DISABLE KEYS */;
INSERT INTO `prefectures` VALUES (1,'北海道'),(2,'青森県'),(3,'岩手県'),(4,'宮城県'),(5,'秋田県'),(6,'山形県'),(7,'福島県'),(8,'茨城県'),(9,'栃木県'),(10,'群馬県'),(11,'埼玉県'),(12,'千葉県'),(13,'東京都'),(14,'神奈川県'),(15,'新潟県'),(16,'富山県'),(17,'石川県'),(18,'福井県'),(19,'山梨県'),(20,'長野県'),(21,'岐阜県'),(22,'静岡県'),(23,'愛知県'),(24,'三重県'),(25,'滋賀県'),(26,'京都府'),(27,'大阪府'),(28,'兵庫県'),(29,'奈良県'),(30,'和歌山県'),(31,'鳥取県'),(32,'島根県'),(33,'岡山県'),(34,'広島県'),(35,'山口県'),(36,'徳島県'),(37,'香川県'),(38,'愛媛県'),(39,'高知県'),(40,'福岡県'),(41,'佐賀県'),(42,'長崎県'),(43,'熊本県'),(44,'大分県'),(45,'宮崎県'),(46,'鹿児島県'),(47,'沖縄県'),(48,NULL),(49,'');
/*!40000 ALTER TABLE `prefectures` ENABLE KEYS */;
UNLOCK TABLES;

--
-- Table structure for table `receipts`
--

DROP TABLE IF EXISTS `receipts`;
/*!40101 SET @saved_cs_client     = @@character_set_client */;
/*!50503 SET character_set_client = utf8mb4 */;
CREATE TABLE `receipts` (
  `id` int NOT NULL,
  `customer_id` int DEFAULT NULL,
  `store_name` varchar(255) DEFAULT NULL,
  `price` int DEFAULT NULL,
  PRIMARY KEY (`id`)
) ENGINE=InnoDB DEFAULT CHARSET=utf8mb4 COLLATE=utf8mb4_0900_ai_ci;
/*!40101 SET character_set_client = @saved_cs_client */;

--
-- Dumping data for table `receipts`
--

LOCK TABLES `receipts` WRITE;
/*!40000 ALTER TABLE `receipts` DISABLE KEYS */;
INSERT INTO `receipts` VALUES (1,70,' Store C ',17699),(2,35,' Store G ',21316),(3,44,' Store F ',12667),(4,90,' Store J ',23555),(5,42,' Store D ',27250),(6,5,' Store J ',19881),(7,37,' Store D ',24108),(8,80,' Store J ',28632),(9,69,' Store I ',17679),(10,73,' Store B ',19009),(11,83,' Store H ',25897),(12,14,' Store F ',29715),(13,16,' Store F ',21024),(14,86,' Store I ',10794),(15,45,' Store I ',16144),(16,25,' Store H ',16529),(17,17,' Store I ',10582),(18,9,' Store J ',11054),(19,46,' Store B ',22239),(20,48,' Store I ',29787),(21,51,' Store A ',17367),(22,60,' Store A ',14699),(23,67,' Store A ',11444),(24,75,' Store I ',17356),(25,36,' Store B ',12039),(26,7,' Store F ',27110),(27,41,' Store I ',24318),(28,46,' Store G ',29754),(29,50,' Store F ',14366),(30,68,' Store E ',12110),(31,5,' Store I ',10490),(32,69,' Store J ',28424),(33,26,' Store G ',12303),(34,91,' Store F ',14422),(35,2,' Store D ',20160),(36,67,' Store A ',11336),(37,13,' Store I ',15203),(38,81,' Store E ',25780),(39,93,' Store C ',26340),(40,98,' Store F ',29701),(41,47,' Store D ',10760),(42,68,' Store C ',29233),(43,53,' Store I ',23548),(44,90,' Store E ',18563),(45,30,' Store F ',17775),(46,86,' Store H ',25606),(47,63,' Store E ',16375),(48,8,' Store H ',11658),(49,74,' Store H ',13847),(50,66,' Store B ',10035),(51,42,' Store C ',27651),(52,8,' Store J ',18350),(53,69,' Store J ',10543),(54,98,' Store C ',17745),(55,67,' Store C ',13283),(56,50,' Store F ',27171),(57,100,' Store A ',12145),(58,92,' Store D ',25842),(59,79,' Store A ',26279),(60,75,' Store C ',17424),(61,76,' Store D ',24425),(62,29,' Store C ',19740),(63,52,' Store H ',20499),(64,97,' Store G ',19564),(65,67,' Store J ',20056),(66,64,' Store B ',29432),(67,69,' Store E ',27765),(68,68,' Store H ',26002),(69,73,' Store H ',12474),(70,62,' Store E ',12011),(71,41,' Store J ',16285),(72,17,' Store E ',14582),(73,67,' Store H ',23925),(74,30,' Store C ',13518),(75,48,' Store B ',15589),(76,47,' Store H ',17507),(77,43,' Store B ',12051),(78,79,' Store H ',21092),(79,87,' Store A ',27767),(80,21,' Store D ',10325),(81,84,' Store J ',19367),(82,54,' Store G ',14628),(83,10,' Store A ',10469),(84,98,' Store I ',26786),(85,98,' Store H ',29593),(86,67,' Store H ',20541),(87,43,' Store E ',23969),(88,30,' Store A ',17305),(89,68,' Store E ',27319),(90,23,' Store H ',21768),(91,94,' Store F ',25764),(92,24,' Store G ',29328),(93,74,' Store E ',24835),(94,12,' Store C ',29579),(95,84,' Store I ',10834),(96,11,' Store J ',28665),(97,24,' Store A ',25943),(98,69,' Store F ',17025),(99,66,' Store C ',24274),(100,29,' Store J ',16363),(101,58,' Store G ',17155),(102,23,' Store J ',13294),(103,40,' Store F ',13038),(104,98,' Store E ',25444),(105,75,' Store A ',12974),(106,24,' Store A ',23858),(107,4,' Store D ',23981),(108,62,' Store E ',27698),(109,87,' Store E ',22062),(110,75,' Store A ',28996),(111,58,' Store G ',13882),(112,16,' Store I ',16723),(113,75,' Store J ',24883),(114,69,' Store C ',17779),(115,43,' Store H ',13423),(116,99,' Store F ',27042),(117,87,' Store A ',11068),(118,16,' Store C ',12526),(119,65,' Store I ',22676),(120,67,' Store E ',17339),(121,23,' Store A ',27153),(122,47,' Store H ',22381),(123,46,' Store G ',20437),(124,2,' Store D ',24331),(125,38,' Store H ',15427),(126,94,' Store I ',20740),(127,81,' Store B ',17696),(128,75,' Store I ',15011),(129,87,' Store J ',27226),(130,25,' Store H ',24006),(131,50,' Store A ',24745),(132,91,' Store F ',24586),(133,90,' Store A ',15037),(134,99,' Store E ',18274),(135,83,' Store E ',14820),(136,55,' Store H ',13132),(137,51,' Store I ',27143),(138,54,' Store A ',20533),(139,65,' Store I ',14834),(140,96,' Store J ',22907),(141,42,' Store F ',26831),(142,84,' Store A ',22996),(143,64,' Store G ',14669),(144,79,' Store I ',15161),(145,29,' Store J ',13005),(146,50,' Store I ',19599),(147,65,' Store F ',11461),(148,19,' Store C ',25460),(149,83,' Store J ',17177),(150,25,' Store C ',11072),(151,53,' Store F ',26471),(152,19,' Store B ',15015),(153,33,' Store D ',23213),(154,16,' Store D ',16785),(155,22,' Store D ',20858),(156,31,' Store C ',13233),(157,62,' Store G ',10315),(158,98,' Store F ',13422),(159,74,' Store G ',19762),(160,46,' Store H ',18644),(161,63,' Store H ',13798),(162,14,' Store B ',25109),(163,17,' Store H ',14576),(164,91,' Store J ',14795),(165,67,' Store B ',28302),(166,92,' Store D ',17723),(167,36,' Store C ',23288),(168,66,' Store H ',13095),(169,75,' Store A ',29272),(170,4,' Store J ',16907),(171,68,' Store H ',24107),(172,43,' Store B ',18899),(173,67,' Store A ',27642),(174,48,' Store I ',10542),(175,68,' Store I ',26637),(176,41,' Store D ',21404),(177,20,' Store A ',20445),(178,29,' Store E ',23772),(179,10,' Store C ',26221),(180,65,' Store C ',18251),(181,12,' Store B ',27472),(182,28,' Store B ',21037),(183,99,' Store H ',25279),(184,84,' Store J ',21489),(185,61,' Store C ',26602),(186,13,' Store J ',28514),(187,95,' Store H ',14690),(188,58,' Store D ',11558),(189,70,' Store F ',25890),(190,10,' Store D ',24246),(191,32,' Store A ',11430),(192,24,' Store G ',26052),(193,64,' Store C ',18620),(194,87,' Store G ',13024),(195,3,' Store G ',19035),(196,47,' Store D ',20297),(197,93,' Store A ',22843),(198,91,' Store A ',22370),(199,49,' Store B ',13444),(200,45,' Store H ',20192),(201,34,' Store G ',29709),(202,48,' Store B ',29349),(203,91,' Store C ',24058),(204,82,' Store B ',14714),(205,7,' Store D ',25457),(206,98,' Store I ',20938),(207,96,' Store A ',12488),(208,64,' Store D ',27152),(209,96,' Store A ',29761),(210,94,' Store J ',27899),(211,37,' Store A ',12964),(212,26,' Store C ',25405),(213,87,' Store B ',11851),(214,32,' Store I ',10217),(215,16,' Store J ',27842),(216,31,' Store I ',23640),(217,4,' Store J ',12699),(218,7,' Store A ',27512),(219,92,' Store A ',18367),(220,34,' Store F ',17876),(221,36,' Store J ',10005),(222,19,' Store A ',17194),(223,41,' Store B ',27514),(224,98,' Store H ',14278),(225,15,' Store B ',16485),(226,85,' Store H ',12399),(227,19,' Store H ',12987),(228,3,' Store F ',25472),(229,67,' Store J ',16691),(230,36,' Store G ',20138),(231,72,' Store I ',24705),(232,49,' Store J ',24809),(233,28,' Store F ',20440),(234,75,' Store G ',28012),(235,11,' Store E ',13470),(236,6,' Store F ',25286),(237,51,' Store F ',14099),(238,64,' Store B ',26615),(239,60,' Store J ',20529),(240,50,' Store B ',22492),(241,82,' Store D ',13577),(242,31,' Store C ',16195),(243,32,' Store G ',17953),(244,26,' Store G ',10585),(245,56,' Store F ',27283),(246,55,' Store C ',22171),(247,92,' Store I ',20230),(248,83,' Store A ',21419),(249,30,' Store H ',11793),(250,71,' Store H ',25476),(251,88,' Store H ',18460),(252,30,' Store D ',11456),(253,92,' Store H ',12269),(254,34,' Store D ',16368),(255,6,' Store E ',20586),(256,8,' Store I ',24609),(257,69,' Store D ',28113),(258,67,' Store G ',28586),(259,86,' Store D ',13674),(260,53,' Store I ',27896),(261,69,' Store D ',21756),(262,7,' Store F ',12731),(263,96,' Store D ',27020),(264,65,' Store B ',23333),(265,34,' Store F ',20640),(266,63,' Store H ',25263),(267,18,' Store J ',23405),(268,6,' Store I ',11391),(269,11,' Store F ',18658),(270,30,' Store J ',21029),(271,73,' Store A ',18608),(272,73,' Store C ',12255),(273,51,' Store F ',15192),(274,13,' Store A ',13626),(275,87,' Store F ',16337),(276,54,' Store E ',23362),(277,35,' Store I ',16659),(278,81,' Store I ',27845),(279,70,' Store G ',13211),(280,20,' Store C ',25550),(281,30,' Store H ',10800),(282,1,' Store H ',11664),(283,29,' Store G ',17806),(284,5,' Store I ',13852),(285,28,' Store C ',22081),(286,44,' Store A ',12017),(287,36,' Store C ',10925),(288,33,' Store A ',16680),(289,46,' Store C ',25821),(290,44,' Store E ',12365),(291,87,' Store C ',12777),(292,67,' Store H ',28154),(293,2,' Store G ',10979),(294,12,' Store A ',13436),(295,59,' Store F ',18108),(296,3,' Store G ',10143),(297,60,' Store B ',29886),(298,6,' Store F ',19595),(299,53,' Store D ',22586),(300,57,' Store H ',12200);
/*!40000 ALTER TABLE `receipts` ENABLE KEYS */;
UNLOCK TABLES;

--
-- Table structure for table `students`
--

DROP TABLE IF EXISTS `students`;
/*!40101 SET @saved_cs_client     = @@character_set_client */;
/*!50503 SET character_set_client = utf8mb4 */;
CREATE TABLE `students` (
  `id` int NOT NULL,
  `name` varchar(255) DEFAULT NULL,
  `height` decimal(10,0) DEFAULT NULL,
  `weight` decimal(10,0) DEFAULT NULL,
  `class_no` int DEFAULT NULL,
  PRIMARY KEY (`id`)
) ENGINE=InnoDB DEFAULT CHARSET=utf8mb4 COLLATE=utf8mb4_0900_ai_ci;
/*!40101 SET character_set_client = @saved_cs_client */;

--
-- Dumping data for table `students`
--

LOCK TABLES `students` WRITE;
/*!40000 ALTER TABLE `students` DISABLE KEYS */;
INSERT INTO `students` VALUES (1,'今野 耕介',170,66,6),(2,'根本 仁美',154,71,1),(3,'伊東 元久',150,78,2),(4,'黒沢 敬正',163,74,1),(5,'中谷 純典',159,62,2),(6,'荒井 鋭充',153,81,6),(7,'吉川 一樹',169,68,4),(8,'齋藤 保行',181,81,3),(9,'金田 美津江',150,77,6),(10,'藤井 志奈',167,74,6),(11,'田原 秀俊',179,72,5),(12,'八木 利人',156,76,6),(13,'宮田 紀子',180,61,2),(14,'野村 麗奈',171,61,1),(15,'野口 喜久郎',166,64,4),(16,'梶原 沢子',152,67,3),(17,'松永 千琴',151,78,5),(18,'近藤 美喜夫',167,70,6),(19,'金城 周平',177,81,3),(20,'大久保 武士',170,66,6),(21,'金城 兵吉',176,79,3),(22,'牧野 志津恵',158,60,5),(23,'服部 長生',161,69,4),(24,'河合 竹義',154,67,5),(25,'長岡 要子',171,72,6),(26,'萩原 正進',154,75,4),(27,'三木 純子',174,60,1),(28,'宮城 栄之介',168,79,5),(29,'西野 友良',156,78,4),(30,'宮内 初',179,78,4),(31,'原田 礼子',171,69,2),(32,'宮沢 鎮雄',163,79,5),(33,'安田 征吾',172,71,1),(34,'松原 克三',169,78,5),(35,'関口 理絵',159,80,4),(36,'若林 眞八',159,68,3),(37,'川原 正次',167,74,2),(38,'古賀 重三郎',166,75,3),(39,'角田 共成',170,78,5),(40,'平川 源三郎',159,72,1),(41,'山村 隆次',178,77,3),(42,'馬場 理恵子',173,73,2),(43,'栗田 征吾',158,76,5),(44,'齋藤 圭',160,69,5),(45,'長谷川 裕康',151,67,2),(46,'向井 昌孝',174,66,1),(47,'岩井 和久',181,75,1),(48,'浅田 慶太郎',173,78,5),(49,'三谷 喜久郎',161,61,6),(50,'宮原 朗夫',173,71,2),(51,'細川 優紀',156,69,2),(52,'藤村 亜由美',153,61,4),(53,'池田 真知子',172,72,3),(54,'山中 佐十郎',170,77,1),(55,'溝口 和好',181,78,2),(56,'西田 耕介',158,62,3),(57,'小坂 美智',179,76,3),(58,'小森 森勝',178,71,4),(59,'中尾 是則',162,81,2),(60,'木村 兵吉',161,71,1),(61,'千田 明日香',170,75,1),(62,'山下 都義',160,63,4),(63,'片山 玲奈',153,76,1),(64,'荒井 浩史',163,76,5),(65,'鶴田 理恵',161,60,6),(66,'安藤 雅近',177,61,6),(67,'倉田 秋美',153,63,2),(68,'松永 軍市',164,77,1),(69,'工藤 運吉',165,79,2),(70,'岡本 裕香',171,69,5),(71,'新井 望',155,60,1),(72,'富田 英則',167,74,2),(73,'川野 好利',167,72,6),(74,'小川 礼子',161,62,5),(75,'松下 直幸',173,70,2),(76,'大城 康司',176,69,4),(77,'金田 和海',170,77,5),(78,'飯塚 絵里',164,66,1),(79,'大山 茂平',177,80,2),(80,'浜崎 茂信',178,70,5),(81,'西沢 浩史',178,66,1),(82,'宮沢 直武',157,75,5),(83,'堀田 俊康',166,79,2),(84,'筒井 信好',169,75,3),(85,'矢島 雄樹',166,63,5),(86,'金沢 邦江',151,66,4),(87,'佐久間 佳紀',163,79,2),(88,'中山 顕子',159,80,5),(89,'野田 好博',162,63,6),(90,'鶴田 亜里香',151,78,3),(91,'石田 茂一',166,70,3),(92,'武井 新太郎',177,70,3),(93,'関口 幸美',177,67,1),(94,'小坂 喜代信',168,75,2),(95,'松浦 利浩',158,61,2),(96,'島崎 恵八郎',164,74,5),(97,'吉野 厚史',180,72,6),(98,'村上 勝行',175,63,2),(99,'森川 裕実',159,70,5),(100,'梅田 有三',164,80,4),(101,'中村 広明',165,77,3),(102,'菅 忠助',154,80,1),(103,'川田 好行',163,69,2),(104,'南 優子',166,67,4),(105,'緒方 美津枝',176,80,1),(106,'米田 恒之',164,69,4),(107,'遠藤 勇太郎',177,69,3),(108,'堀川 友美',175,75,4),(109,'西尾 義郎',165,79,5),(110,'遠藤 智',169,71,4),(111,'本田 恵志',170,80,6),(112,'田島 美津江',177,69,4),(113,'篠田 明寛',172,70,6),(114,'小柳 訓',174,61,4),(115,'西山 時代',175,78,5),(116,'池田 友隆',157,76,5),(117,'茂木 正保',153,67,3),(118,'大野 田鶴子',156,64,4),(119,'辻 多紀子',154,66,4),(120,'服部 利恵',169,66,1),(121,'川島 龍也',173,78,2),(122,'福島 理恵子',161,65,3),(123,'安部 哲哉',162,81,5),(124,'倉田 尭道',152,62,4),(125,'田島 芳弘',153,66,5),(126,'西山 茂信',151,75,2),(127,'野沢 健之',176,63,4),(128,'笠井 久近',158,75,5),(129,'栗原 慶介',169,81,1),(130,'山田 裕実',152,64,2),(131,'池上 友子',179,64,1),(132,'田代 完一',165,80,6),(133,'本田 雅臣',155,69,5),(134,'永田 有子',171,68,1),(135,'宮原 智勝',158,72,5),(136,'土井 平作',164,72,5),(137,'長田 順子',150,69,4),(138,'佐野 秀志',176,79,5),(139,'浜野 兵吉',163,73,3),(140,'新井 美里',153,63,3),(141,'小山 聡美',162,71,2),(142,'吉野 祐次郎',157,62,5),(143,'高野 さゆみ',156,69,2),(144,'橋本 道和',162,79,2),(145,'宇野 康次',180,68,1),(146,'笠原 勇四郎',163,70,1),(147,'奥田 右京',154,68,4),(148,'宮沢 愛',159,62,5),(149,'吉川 夕子',154,78,2),(150,'河村 輝政',175,78,6),(151,'林田 初美',181,67,1),(152,'庄司 興子',174,74,5),(153,'吉村 鋭充',154,62,4),(154,'杉山 孝成',180,61,5),(155,'関口 有紀子',156,69,2),(156,'永田 角太郎',172,74,3),(157,'窪田 郁美',157,67,6),(158,'松原 敬史',153,60,5),(159,'渡辺 慶太郎',173,73,1),(160,'奥山 俊憲',164,69,3),(161,'前田 良弥',181,61,6),(162,'河原 秋徳',162,79,3),(163,'堀内 忠之',158,63,6),(164,'新田 佳久',180,80,2),(165,'近藤 信好',163,64,1),(166,'五十嵐 勝英',177,71,1),(167,'堤 元久',166,69,1),(168,'本田 龍也',180,64,6),(169,'木村 秀春',151,62,1),(170,'手塚 和帰子',167,73,5),(171,'米田 裕仁',154,69,1),(172,'小泉 則之',174,78,6),(173,'篠原 祐美',152,74,2),(174,'岩田 美砂',175,63,4),(175,'浜野 郁美',158,68,4),(176,'斎藤 松代',162,69,2),(177,'浅田 多栄子',172,68,5),(178,'北島 秋代',180,61,2),(179,'東 禎二',173,72,3),(180,'岸本 要之助',177,76,3),(181,'浅田 宗司',153,73,5),(182,'深沢 聖弘',152,74,3),(183,'堀江 広明',159,71,1),(184,'安部 波子',164,72,4),(185,'岸 征輝',157,67,2),(186,'古賀 知生',167,65,6),(187,'福原 智美',162,60,4),(188,'西川 朋絵',173,78,4),(189,'竹田 要之助',160,75,2),(190,'柏木 咲子',151,76,3),(191,'福田 従典',158,79,5),(192,'竹内 興子',178,74,3),(193,'稲葉 孝成',162,75,1),(194,'稲田 次男',155,80,5),(195,'和田 康三',165,61,2),(196,'戸田 政年',159,60,2),(197,'藤野 大夢',166,63,6),(198,'土井 繁次',167,75,5),(199,'加藤 波子',181,62,2),(200,'島田 隆吉',157,64,1),(201,'大崎 里江子',167,78,6),(202,'戸田 定二',178,60,6),(203,'高松 市雄',173,70,3),(204,'大田 宏侑',174,76,2),(205,'田畑 惣之助',159,70,3),(206,'浅井 琢司',161,63,2),(207,'金沢 宜昭',160,77,1),(208,'小池 菊子',165,62,5),(209,'森岡 敏江',173,66,6),(210,'須藤 章緒',156,66,5),(211,'坂田 伸二',177,73,4),(212,'木村 迪子',172,68,3),(213,'荒木 秀春',151,63,2),(214,'野村 初',168,77,1),(215,'三輪 公生',164,73,6),(216,'尾崎 達生',151,73,6),(217,'福井 厚史',165,76,1),(218,'坂口 善英',164,64,2),(219,'上原 奈緒子',167,63,1),(220,'臼井 幹也',172,71,3),(221,'西沢 省次郎',155,77,5),(222,'星 長一郎',163,76,2),(223,'秋山 多恵子',179,71,2),(224,'清水 茂一',155,70,5),(225,'谷川 境二',156,71,4),(226,'池田 貴朗',161,78,6),(227,'角田 憲志',170,76,6),(228,'笠井 直紀',153,69,3),(229,'土田 祐次郎',170,80,6),(230,'徳田 大夢',156,71,6),(231,'堀内 明日香',155,61,3),(232,'松浦 春実',174,64,4),(233,'遠藤 伴助',178,63,3),(234,'福本 成美',166,69,5),(235,'高瀬 貴浩',164,77,2),(236,'若林 松代',159,62,5),(237,'井上 生三',155,79,1),(238,'福永 利人',176,71,2),(239,'武井 美貴',172,62,3),(240,'谷 裕恵',165,68,1),(241,'松原 生三',166,73,1),(242,'横田 順子',151,63,5),(243,'竹田 れいな',173,65,3),(244,'大竹 琢司',164,66,1),(245,'武藤 厚哉',165,62,6),(246,'土田 雅近',161,67,6),(247,'西 礼',173,75,5),(248,'古川 久仁夫',175,61,1),(249,'佐野 征吾',172,66,1),(250,'宮内 玲一',165,65,1),(251,'米田 裕紀',178,71,5),(252,'平岡 雅義',159,67,5),(253,'伊東 尭道',160,74,4),(254,'米田 香世子',181,80,6),(255,'石山 虎之助',153,75,5),(256,'下田 貫之',159,65,4),(257,'篠原 鋭充',179,81,6),(258,'堤 喜治',166,78,2),(259,'牧野 竹義',158,63,5),(260,'小原 庸司',167,69,1),(261,'相馬 百世',171,79,6),(262,'菊池 松代',153,69,4),(263,'大西 麗奈',153,69,2),(264,'神谷 三重子',169,61,2),(265,'中村 益三',169,63,2),(266,'篠原 眞八',170,61,1),(267,'大崎 保行',166,71,2),(268,'新谷 則之',156,60,6),(269,'片山 晴仁',173,65,2),(270,'小原 郁美',168,78,3),(271,'杉本 心一',179,66,1),(272,'内山 晶紀',179,81,6),(273,'内海 浩史',162,75,6),(274,'伊東 美砂',180,67,2),(275,'須藤 幸郎',159,81,3),(276,'庄司 道和',167,64,6),(277,'堀川 佳江',171,70,2),(278,'泉 定二',173,79,5),(279,'土屋 一智',154,62,1),(280,'平松 三重子',166,77,1),(281,'西原 章緒',177,68,2),(282,'川崎 公生',150,62,6),(283,'村瀬 和茂',167,60,1),(284,'窪田 十志夫',180,68,1),(285,'岩崎 益三',165,69,5),(286,'荒井 美伸',167,61,3),(287,'笠井 夕子',174,69,2),(288,'大村 利浩',179,69,6),(289,'飯島 祐次郎',156,64,1),(290,'森本 戴三',168,78,1),(291,'宮内 秀志',159,74,2),(292,'中村 忠助',152,75,2),(293,'茂木 昭二',168,67,1),(294,'筒井 真佐文',151,74,4),(295,'長沢 功児',170,75,2),(296,'青山 和茂',173,69,1),(297,'岡野 美樹',170,70,4),(298,'浜野 麻樹',179,63,2),(299,'高橋 斎',167,66,4),(300,'大久保 茂俊',179,79,2);
/*!40000 ALTER TABLE `students` ENABLE KEYS */;
UNLOCK TABLES;

--
-- Table structure for table `tests_score`
--

DROP TABLE IF EXISTS `tests_score`;
/*!40101 SET @saved_cs_client     = @@character_set_client */;
/*!50503 SET character_set_client = utf8mb4 */;
CREATE TABLE `tests_score` (
  `id` int NOT NULL,
  `student_id` int DEFAULT NULL,
  `test_score_1` int DEFAULT NULL,
  `test_score_2` int DEFAULT NULL,
  `test_score_3` int DEFAULT NULL,
  PRIMARY KEY (`id`)
) ENGINE=InnoDB DEFAULT CHARSET=utf8mb4 COLLATE=utf8mb4_0900_ai_ci;
/*!40101 SET character_set_client = @saved_cs_client */;

--
-- Dumping data for table `tests_score`
--

LOCK TABLES `tests_score` WRITE;
/*!40000 ALTER TABLE `tests_score` DISABLE KEYS */;
INSERT INTO `tests_score` VALUES (1,1,NULL,917,NULL),(2,2,792,NULL,NULL),(3,3,529,NULL,NULL),(4,4,NULL,569,NULL),(5,5,727,NULL,NULL),(6,6,609,NULL,NULL),(7,7,616,NULL,NULL),(8,8,665,NULL,NULL),(9,9,701,NULL,NULL),(10,10,901,NULL,NULL),(11,11,928,NULL,NULL),(12,12,656,NULL,NULL),(13,13,988,NULL,NULL),(14,14,670,NULL,NULL),(15,15,671,NULL,NULL),(16,16,962,NULL,NULL),(17,17,788,NULL,NULL),(18,18,815,NULL,NULL),(19,19,631,NULL,NULL),(20,20,NULL,NULL,550),(21,21,617,NULL,NULL),(22,22,NULL,629,NULL),(23,23,892,NULL,NULL),(24,24,890,NULL,NULL),(25,25,NULL,988,NULL),(26,26,745,NULL,NULL),(27,27,874,NULL,NULL),(28,28,765,NULL,NULL),(29,29,834,NULL,NULL),(30,30,741,NULL,NULL),(31,31,652,NULL,NULL),(32,32,550,NULL,NULL),(33,33,712,NULL,NULL),(34,34,519,NULL,NULL),(35,35,972,NULL,NULL),(36,36,505,NULL,NULL),(37,37,665,NULL,NULL),(38,38,NULL,718,NULL),(39,39,775,NULL,NULL),(40,40,665,NULL,NULL),(41,41,NULL,606,NULL),(42,42,981,NULL,NULL),(43,43,NULL,736,NULL),(44,44,NULL,561,NULL),(45,45,736,NULL,NULL),(46,46,568,NULL,NULL),(47,47,NULL,593,NULL),(48,48,882,NULL,NULL),(49,49,609,NULL,NULL),(50,50,725,NULL,NULL),(51,51,625,NULL,NULL),(52,52,982,NULL,NULL),(53,53,883,NULL,NULL),(54,54,857,NULL,NULL),(55,55,920,NULL,NULL),(56,56,867,NULL,NULL),(57,57,863,NULL,NULL),(58,58,NULL,500,NULL),(59,59,787,NULL,NULL),(60,60,585,NULL,NULL),(61,61,609,NULL,NULL),(62,62,NULL,NULL,684),(63,63,682,NULL,NULL),(64,64,NULL,801,NULL),(65,65,828,NULL,NULL),(66,66,563,NULL,NULL),(67,67,NULL,698,NULL),(68,68,NULL,763,NULL),(69,69,705,NULL,NULL),(70,70,NULL,NULL,549),(71,71,848,NULL,NULL),(72,72,768,NULL,NULL),(73,73,882,NULL,NULL),(74,74,NULL,972,NULL),(75,75,645,NULL,NULL),(76,76,647,NULL,NULL),(77,77,NULL,975,NULL),(78,78,926,NULL,NULL),(79,79,772,NULL,NULL),(80,80,804,NULL,NULL),(81,81,698,NULL,NULL),(82,82,759,NULL,NULL),(83,83,NULL,685,NULL),(84,84,925,NULL,NULL),(85,85,809,NULL,NULL),(86,86,629,NULL,NULL),(87,87,661,NULL,NULL),(88,88,834,NULL,NULL),(89,89,NULL,580,NULL),(90,90,NULL,611,NULL),(91,91,898,NULL,NULL),(92,92,NULL,990,NULL),(93,93,793,NULL,NULL),(94,94,NULL,985,NULL),(95,95,NULL,NULL,584),(96,96,908,NULL,NULL),(97,97,888,NULL,NULL),(98,98,843,NULL,NULL),(99,99,855,NULL,NULL),(100,100,586,NULL,NULL),(101,101,523,NULL,NULL),(102,102,543,NULL,NULL),(103,103,780,NULL,NULL),(104,104,NULL,963,NULL),(105,105,663,NULL,NULL),(106,106,739,NULL,NULL),(107,107,917,NULL,NULL),(108,108,567,NULL,NULL),(109,109,611,NULL,NULL),(110,110,927,NULL,NULL),(111,111,748,NULL,NULL),(112,112,NULL,774,NULL),(113,113,576,NULL,NULL),(114,114,877,NULL,NULL),(115,115,NULL,NULL,642),(116,116,956,NULL,NULL),(117,117,884,NULL,NULL),(118,118,810,NULL,NULL),(119,119,NULL,879,NULL),(120,120,NULL,812,NULL),(121,121,947,NULL,NULL),(122,122,NULL,536,NULL),(123,123,630,NULL,NULL),(124,124,624,NULL,NULL),(125,125,645,NULL,NULL),(126,126,937,NULL,NULL),(127,127,683,NULL,NULL),(128,128,805,NULL,NULL),(129,129,952,NULL,NULL),(130,130,615,NULL,NULL),(131,131,525,NULL,NULL),(132,132,548,NULL,NULL),(133,133,506,NULL,NULL),(134,134,NULL,787,NULL),(135,135,851,NULL,NULL),(136,136,589,NULL,NULL),(137,137,769,NULL,NULL),(138,138,864,NULL,NULL),(139,139,575,NULL,NULL),(140,140,524,NULL,NULL),(141,141,862,NULL,NULL),(142,142,983,NULL,NULL),(143,143,550,NULL,NULL),(144,144,966,NULL,NULL),(145,145,772,NULL,NULL),(146,146,NULL,NULL,637),(147,147,684,NULL,NULL),(148,148,842,NULL,NULL),(149,149,NULL,NULL,860),(150,150,515,NULL,NULL),(151,151,805,NULL,NULL),(152,152,794,NULL,NULL),(153,153,869,NULL,NULL),(154,154,682,NULL,NULL),(155,155,925,NULL,NULL),(156,156,NULL,650,NULL),(157,157,509,NULL,NULL),(158,158,NULL,954,NULL),(159,159,613,NULL,NULL),(160,160,615,NULL,NULL),(161,161,923,NULL,NULL),(162,162,1000,NULL,NULL),(163,163,715,NULL,NULL),(164,164,632,NULL,NULL),(165,165,645,NULL,NULL),(166,166,727,NULL,NULL),(167,167,668,NULL,NULL),(168,168,670,NULL,NULL),(169,169,521,NULL,NULL),(170,170,NULL,806,NULL),(171,171,NULL,964,NULL),(172,172,802,NULL,NULL),(173,173,978,NULL,NULL),(174,174,717,NULL,NULL),(175,175,881,NULL,NULL),(176,176,NULL,626,NULL),(177,177,876,NULL,NULL),(178,178,NULL,763,NULL),(179,179,686,NULL,NULL),(180,180,544,NULL,NULL),(181,181,539,NULL,NULL),(182,182,795,NULL,NULL),(183,183,656,NULL,NULL),(184,184,680,NULL,NULL),(185,185,653,NULL,NULL),(186,186,767,NULL,NULL),(187,187,907,NULL,NULL),(188,188,664,NULL,NULL),(189,189,993,NULL,NULL),(190,190,601,NULL,NULL),(191,191,804,NULL,NULL),(192,192,NULL,NULL,781),(193,193,841,NULL,NULL),(194,194,746,NULL,NULL),(195,195,619,NULL,NULL),(196,196,NULL,824,NULL),(197,197,912,NULL,NULL),(198,198,910,NULL,NULL),(199,199,770,NULL,NULL),(200,200,880,NULL,NULL),(201,201,NULL,517,NULL),(202,202,582,NULL,NULL),(203,203,785,NULL,NULL),(204,204,601,NULL,NULL),(205,205,737,NULL,NULL),(206,206,919,NULL,NULL),(207,207,775,NULL,NULL),(208,208,555,NULL,NULL),(209,209,740,NULL,NULL),(210,210,802,NULL,NULL),(211,211,706,NULL,NULL),(212,212,887,NULL,NULL),(213,213,989,NULL,NULL),(214,214,589,NULL,NULL),(215,215,876,NULL,NULL),(216,216,784,NULL,NULL),(217,217,979,NULL,NULL),(218,218,618,NULL,NULL),(219,219,518,NULL,NULL),(220,220,954,NULL,NULL),(221,221,NULL,991,NULL),(222,222,524,NULL,NULL),(223,223,887,NULL,NULL),(224,224,NULL,572,NULL),(225,225,NULL,970,NULL),(226,226,978,NULL,NULL),(227,227,890,NULL,NULL),(228,228,755,NULL,NULL),(229,229,590,NULL,NULL),(230,230,871,NULL,NULL),(231,231,648,NULL,NULL),(232,232,660,NULL,NULL),(233,233,NULL,809,NULL),(234,234,966,NULL,NULL),(235,235,593,NULL,NULL),(236,236,728,NULL,NULL),(237,237,796,NULL,NULL),(238,238,NULL,705,NULL),(239,239,776,NULL,NULL),(240,240,931,NULL,NULL),(241,241,926,NULL,NULL),(242,242,NULL,955,NULL),(243,243,555,NULL,NULL),(244,244,NULL,701,NULL),(245,245,730,NULL,NULL),(246,246,891,NULL,NULL),(247,247,541,NULL,NULL),(248,248,679,NULL,NULL),(249,249,912,NULL,NULL),(250,250,639,NULL,NULL),(251,251,965,NULL,NULL),(252,252,959,NULL,NULL),(253,253,616,NULL,NULL),(254,254,519,NULL,NULL),(255,255,786,NULL,NULL),(256,256,573,NULL,NULL),(257,257,513,NULL,NULL),(258,258,531,NULL,NULL),(259,259,NULL,NULL,945),(260,260,547,NULL,NULL),(261,261,NULL,902,NULL),(262,262,528,NULL,NULL),(263,263,670,NULL,NULL),(264,264,529,NULL,NULL),(265,265,582,NULL,NULL),(266,266,758,NULL,NULL),(267,267,584,NULL,NULL),(268,268,726,NULL,NULL),(269,269,507,NULL,NULL),(270,270,515,NULL,NULL),(271,271,507,NULL,NULL),(272,272,766,NULL,NULL),(273,273,757,NULL,NULL),(274,274,NULL,941,NULL),(275,275,NULL,927,NULL),(276,276,942,NULL,NULL),(277,277,852,NULL,NULL),(278,278,569,NULL,NULL),(279,279,608,NULL,NULL),(280,280,NULL,821,NULL),(281,281,751,NULL,NULL),(282,282,NULL,863,NULL),(283,283,943,NULL,NULL),(284,284,899,NULL,NULL),(285,285,610,NULL,NULL),(286,286,668,NULL,NULL),(287,287,NULL,960,NULL),(288,288,711,NULL,NULL),(289,289,858,NULL,NULL),(290,290,668,NULL,NULL),(291,291,826,NULL,NULL),(292,292,864,NULL,NULL),(293,293,NULL,932,NULL),(294,294,951,NULL,NULL),(295,295,780,NULL,NULL),(296,296,740,NULL,NULL),(297,297,870,NULL,NULL),(298,298,NULL,640,NULL),(299,299,653,NULL,NULL),(300,300,938,NULL,NULL);
/*!40000 ALTER TABLE `tests_score` ENABLE KEYS */;
UNLOCK TABLES;

--
-- Table structure for table `users`
--

DROP TABLE IF EXISTS `users`;
/*!40101 SET @saved_cs_client     = @@character_set_client */;
/*!50503 SET character_set_client = utf8mb4 */;
CREATE TABLE `users` (
  `id` int NOT NULL,
  `name` varchar(255) DEFAULT NULL,
  `age` int DEFAULT NULL,
  `birth_place` varchar(255) DEFAULT NULL,
  `birth_day` date DEFAULT NULL,
  `is_admin` tinyint(1) DEFAULT NULL,
  PRIMARY KEY (`id`)
) ENGINE=InnoDB DEFAULT CHARSET=utf8mb4 COLLATE=utf8mb4_0900_ai_ci;
/*!40101 SET character_set_client = @saved_cs_client */;

--
-- Dumping data for table `users`
--

LOCK TABLES `users` WRITE;
/*!40000 ALTER TABLE `users` DISABLE KEYS */;
INSERT INTO `users` VALUES (1,'奥村 成美',10,'日本','2011-04-03',0),(2,'村井 祥三',2,'日本','2019-07-14',0),(3,'Jeffrey Boone',3,'Iraq','2018-04-10',0),(4,'松田 田鶴子',30,'日本','1991-04-02',0),(5,'Steven Davila',39,'Estonia','1982-07-24',1),(6,'高木 孝彦',17,'日本','2004-11-15',1),(7,'塚本 千津',15,'日本','2006-09-29',0),(8,'倉田 定行',20,'日本','2001-09-11',0),(9,'Evan Schmidt',20,'Guernsey','2001-12-06',0),(10,'Brian Irwin',45,'Maldives','1976-04-13',0),(11,'Benjamin Barrera',49,'Falkland Islands (Malvinas)','1972-03-19',0),(12,'Lisa Hernandez',1,'Netherlands','2020-12-28',1),(13,'Mrs. Brandi Jones',7,'Iran','2014-04-29',0),(14,'Elizabeth Brown',46,'Lebanon','1976-02-01',0),(15,'稲垣 利克',44,'日本','1978-02-09',0),(16,'篠崎 利人',29,'日本','1992-05-27',0),(17,'永井 美世',27,'日本','1994-03-27',0),(18,'Raymond Mccann',40,'Spain','1982-01-28',0),(19,'Frank Savage',0,'Bolivia','2021-10-03',0),(20,'Eric Burns',42,'Aruba','1979-04-03',1),(21,'Derrick Elliott',50,'Barbados','1971-05-30',0),(22,'野沢 今朝雄',2,'日本','2019-09-08',0),(23,'津田 時司',32,'日本','1989-09-11',0),(24,'Mark Ward',32,'Lao People\'s Democratic Republic','1989-12-26',0),(25,'Chelsea Perez',14,'Belize','2007-02-13',0),(26,'谷口 雅栄',50,'日本','1971-11-10',0),(27,'Scott Miller',9,'Korea','2013-01-05',0),(28,'小笠原 裕子',51,'日本','1970-10-29',0),(29,'相馬 憲志',20,'日本','2001-03-09',1),(30,'Charles White',46,'United States Minor Outlying Islands','1976-01-07',0),(31,'Tonya Roberts',44,'South Africa','1977-05-16',0),(32,'Jenna Ingram',15,'Tonga','2006-08-21',0),(33,'西村 裕子',26,'日本','1995-05-27',0),(34,'園田 芳伸',46,'日本','1975-08-31',1),(35,'平山 好行',11,'日本','2010-12-17',0),(36,'竹田 利恵',42,'日本','1979-08-31',0),(37,'Dennis Kim',32,'Bangladesh','1989-05-12',0),(38,'藤川 都義',51,'日本','1970-02-20',0),(39,'坂井 佳紀',6,'日本','2015-12-24',0),(40,'千田 郁穂',39,'日本','1982-05-18',0),(41,'高木 美砂',35,'日本','1986-09-22',0),(42,'Kelly Williams',1,'Marshall Islands','2020-04-10',0),(43,'Tony Adams',38,'Turkmenistan','1983-08-17',0),(44,'小西 弘義',42,'日本','1979-04-09',0),(45,'Miss Anne Sparks',12,'Guyana','2009-03-22',1),(46,'Ashley Zhang',48,'Congo','1973-09-17',0),(47,'David Olson',33,'United Arab Emirates','1988-12-15',0),(48,'Thomas Gray',31,'France','1990-11-28',0),(49,'白井 光保',48,'日本','1973-04-04',0),(50,'小川 千代枝',9,'日本','2012-03-13',0),(51,'大槻 武久',8,'日本','2013-11-28',0),(52,'山根 雅',16,'日本','2005-10-05',0),(53,'Joel Snyder',29,'Sudan','1992-04-25',0),(54,'William Martin',37,'Singapore','1984-03-01',0),(55,'千田 真由美',43,'日本','1978-07-25',0),(56,'Joseph Berger',21,'Malta','2000-05-15',0),(57,'安藤 運吉',51,'日本','1970-11-19',0),(58,'Brenda Leonard',20,'Latvia','2001-05-20',0),(59,'Taylor Gonzales',39,'Saint Barthelemy','1982-08-08',0),(60,'Cynthia Peterson',3,'Latvia','2018-12-14',0),(61,'小池 従典',14,'日本','2007-12-31',0),(62,'Cory Morgan',34,'Kazakhstan','1987-09-19',0),(63,'Kevin Parker',37,'French Polynesia','1984-05-17',0),(64,'Kelly Arellano',20,'Denmark','2001-12-30',0),(65,'Kevin Melton',29,'Samoa','1992-06-15',0),(66,'池田 杏子',8,'日本','2014-01-07',0),(67,'Raymond Johnson MD',4,'Benin','2017-09-04',0),(68,'Phillip Drake',12,'Cape Verde','2009-05-07',1),(69,'Nicholas Silva',47,'Kuwait','1974-03-25',0),(70,'Nancy Rios',35,'France','1986-10-21',0),(71,'細川 初美',14,'日本','2007-11-14',0),(72,'平岡 僧三郎',7,'日本','2014-12-08',0),(73,'Mr. Marcus Short Jr.',27,'Heard Island and McDonald Islands','1994-06-05',1),(74,'安部 理香',34,'日本','1988-01-29',0),(75,'Benjamin Marks',12,'Egypt','2009-09-27',0),(76,'Jennifer Castro',7,'Bangladesh','2014-05-18',0),(77,'Devin Baker',16,'Lebanon','2005-09-26',0),(78,'Christine White MD',13,'Latvia','2008-12-04',0),(79,'川野 有子',21,'日本','2000-03-02',0),(80,'篠原 桂',43,'日本','1978-08-17',0),(81,'須藤 知恵',36,'日本','1985-05-11',1),(82,'大山 清重',43,'日本','1978-12-12',0),(83,'Dr. Martin Hart',13,'Puerto Rico','2009-01-25',0),(84,'Lisa Copeland',23,'Germany','1998-10-19',0),(85,'Melissa Davenport',34,'Honduras','1987-12-10',0),(86,'新谷 茂也',12,'日本','2009-12-15',0),(87,'岡村 則之',32,'日本','1989-12-25',0),(88,'堀江 嘉邦',33,'日本','1989-01-30',0),(89,'内田 冬樹',39,'日本','1982-06-07',0),(90,'角田 美津枝',52,'日本','1970-01-18',0),(91,'田畑 英博',48,'日本','1973-12-12',0),(92,'Ashley Bryant',12,'Poland','2009-10-01',0),(93,'福田 佳江',44,'日本','1977-07-31',0),(94,'Kevin Hall',29,'Bosnia and Herzegovina','1992-07-09',0),(95,'村松 厚成',36,'日本','1985-04-06',0),(96,'Robert Nguyen',47,'Cook Islands','1975-01-10',0),(97,'Jeffrey Rodgers',0,'Equatorial Guinea','2021-04-16',0),(98,'Robert Paul',34,'Puerto Rico','1987-09-28',0),(99,'菅野 ひとみ',21,'日本','2000-03-16',0),(100,'Mr. Alexander Forbes',40,'Qatar','1981-05-19',0),(101,'Jennifer Flores',0,'China','2021-12-01',0),(102,'古谷 智美',32,'日本','1989-11-04',0),(103,'Justin King',48,'Serbia','1973-10-22',0),(104,'谷川 朋',4,'日本','2017-05-13',0),(105,'加藤 昌孝',15,'日本','2007-02-11',0),(106,'細川 恒宏',31,'日本','1990-02-19',0),(107,'Susan Smith',6,'Togo','2015-08-16',0),(108,'森岡 美哉',48,'日本','1973-07-31',0),(109,'Kelsey Brooks',15,'Turkey','2006-11-15',0),(110,'Marco Garcia',38,'Oman','1983-03-27',0),(111,'小倉 克',11,'日本','2010-07-13',1),(112,'Dustin Walker',14,'Rwanda','2008-02-10',0),(113,'岡村 由紀雄',23,'日本','1998-05-26',0),(114,'Levi Taylor',39,'Bolivia','1982-08-13',0),(115,'Annette Patton',6,'Switzerland','2015-03-27',0),(116,'Michael Kent',24,'Myanmar','1997-07-10',0),(117,'岸 留三',0,'日本','2021-06-29',0),(118,'矢野 竹義',19,'日本','2002-05-28',0),(119,'Stephanie Flores',43,'Somalia','1978-04-11',0),(120,'Jill Wallace',50,'Heard Island and McDonald Islands','1972-01-26',0),(121,'Kelsey Bowen',28,'Zimbabwe','1993-04-24',0),(122,'Jason Williams',18,'Greenland','2003-09-17',0),(123,'Julie Smith',23,'Moldova','1998-09-16',0),(124,'Charlene Perry',40,'Holy See (Vatican City State)','1981-09-05',0),(125,'Brittany Smith',39,'Congo','1983-01-31',0),(126,'飯田 真志',24,'日本','1997-06-19',0),(127,'Bryan Johns',35,'El Salvador','1986-06-24',0),(128,'Mary Larson',30,'Egypt','1991-10-15',0),(129,'秋山 優香',5,'日本','2016-12-24',0),(130,'関根 保二',51,'日本','1970-04-29',0),(131,'Heather Kelly',5,'Hungary','2016-03-31',0),(132,'Michelle Robertson',17,'Andorra','2004-09-12',0),(133,'Emily Howard',21,'Bulgaria','2001-01-08',0),(134,'小原 沙耶香',30,'日本','1991-02-26',0),(135,'大場 十志夫',25,'日本','1996-12-08',0),(136,'吉井 多紀子',51,'日本','1970-04-04',0),(137,'Jaime Scott',29,'Cook Islands','1992-05-30',0),(138,'Deborah Malone',43,'Russian Federation','1978-11-22',0),(139,'Natalie Ruiz',33,'Italy','1988-04-19',0),(140,'Jasmine Price',37,'Peru','1984-08-04',0),(141,'菊池 多美子',8,'日本','2013-08-01',1),(142,'菅野 嘉彦',18,'日本','2004-02-02',0),(143,'中嶋 徳彦',31,'日本','1990-08-22',0),(144,'石井 鎮雄',37,'日本','1984-11-25',0),(145,'Traci Delgado',12,'Mozambique','2009-05-19',0),(146,'中谷 絵里',49,'日本','1972-06-19',0),(147,'Matthew Johnson',13,'Botswana','2008-09-28',0),(148,'Justin Jimenez',27,'Czech Republic','1994-11-22',0),(149,'Stacey Brady',43,'Samoa','1978-03-15',0),(150,'堀内 洋子',46,'日本','1976-01-01',0),(151,'窪田 慎治',27,'日本','1994-06-28',0),(152,'西村 荘介',31,'日本','1990-09-14',1),(153,'堀田 とく子',11,'日本','2010-04-22',0),(154,'向井 理沙',19,'日本','2002-05-14',0),(155,'Kathryn Thompson',25,'Iran','1996-07-29',0),(156,'北原 雅則',28,'日本','1993-04-09',0),(157,'Cody Edwards',44,'Paraguay','1977-10-18',0),(158,'Travis Dominguez',43,'El Salvador','1978-05-23',0),(159,'Lisa Edwards',7,'Bulgaria','2014-05-19',0),(160,'Audrey Stevens',22,'Monaco','1999-12-08',0),(161,'三輪 好和',25,'日本','1996-11-10',0),(162,'杉山 千代枝',6,'日本','2015-12-25',0),(163,'滝沢 準司',5,'日本','2016-03-04',0),(164,'岡崎 幸人',33,'日本','1989-01-17',0),(165,'Marcus Hernandez',34,'Honduras','1987-02-24',0),(166,'白井 真紀子',35,'日本','1986-07-20',0),(167,'白石 正宏',33,'日本','1988-04-16',0),(168,'藤岡 繁樹',0,'日本','2021-02-20',0),(169,'富永 聖誉',7,'日本','2014-03-06',0),(170,'Oscar Martinez',13,'Belarus','2009-01-09',0),(171,'大野 真希',8,'日本','2013-03-02',0),(172,'福原 由紀雄',21,'日本','2000-12-31',1),(173,'Andrew Hubbard',42,'Mauritius','1979-04-24',0),(174,'加納 一世',16,'日本','2005-04-01',0),(175,'江口 昌光',6,'日本','2015-05-13',0),(176,'Tiffany Anderson',30,'Argentina','1991-09-29',0),(177,'藤沢 照和',1,'日本','2020-04-17',0),(178,'Adam Gates',1,'Kazakhstan','2020-06-11',1),(179,'古川 歩',13,'日本','2008-08-01',0),(180,'大橋 知美',10,'日本','2011-10-02',0),(181,'川本 源平',21,'日本','2000-04-27',0),(182,'Austin Atkinson',1,'Falkland Islands (Malvinas)','2020-11-21',0),(183,'井口 勝夫',2,'日本','2019-07-24',0),(184,'Robin Hunter',36,'Lithuania','1985-11-14',0),(185,'茂木 孝彦',13,'日本','2008-10-03',0),(186,'Jessica Watson',48,'Mauritius','1973-06-30',0),(187,'福岡 元臣',20,'日本','2001-10-22',1),(188,'竹中 圭織',24,'日本','1997-10-17',0),(189,'Brianna Pratt',40,'Saint Helena','1981-06-20',0),(190,'高瀬 恵',6,'日本','2015-06-02',0),(191,'笠原 理絵',14,'日本','2007-03-26',1),(192,'菅原 十三男',11,'日本','2010-02-16',0),(193,'Mrs. Emma Williams MD',45,'France','1976-12-11',0),(194,'Michael Lopez',40,'French Polynesia','1981-07-30',0),(195,'小田 敬',11,'日本','2010-05-02',0),(196,'茂木 結衣',45,'日本','1976-06-20',0),(197,'Ashley Pacheco',5,'Slovenia','2016-10-22',0),(198,'本田 永寿',43,'日本','1978-11-17',0),(199,'服部 裕子',43,'日本','1978-07-25',0),(200,'Jesus Flowers',32,'Russian Federation','1989-12-25',0);
/*!40000 ALTER TABLE `users` ENABLE KEYS */;
UNLOCK TABLES;

--
-- Dumping routines for database 'day_4_7_db'
--
/*!40103 SET TIME_ZONE=@OLD_TIME_ZONE */;

/*!40101 SET SQL_MODE=@OLD_SQL_MODE */;
/*!40014 SET FOREIGN_KEY_CHECKS=@OLD_FOREIGN_KEY_CHECKS */;
/*!40014 SET UNIQUE_CHECKS=@OLD_UNIQUE_CHECKS */;
/*!40101 SET CHARACTER_SET_CLIENT=@OLD_CHARACTER_SET_CLIENT */;
/*!40101 SET CHARACTER_SET_RESULTS=@OLD_CHARACTER_SET_RESULTS */;
/*!40101 SET COLLATION_CONNECTION=@OLD_COLLATION_CONNECTION */;
/*!40111 SET SQL_NOTES=@OLD_SQL_NOTES */;

-- Dump completed on 2022-02-12 17:40:29
